CREATE TABLE user_roles (
	id SERIAL PRIMARY KEY,
	name VARCHAR(50) UNIQUE NOT NULL
);

CREATE TABLE users (
	username VARCHAR(50) PRIMARY KEY,
	password VARCHAR(255) NOT NULL,
	user_role_id INT NOT NULL,
	FOREIGN KEY(user_role_id) REFERENCES user_roles(id)
);

CREATE TABLE call_types (
	id INT PRIMARY KEY,
	name VARCHAR(50) UNIQUE NOT NULL
);

CREATE TABLE tariffs (
	id INT PRIMARY KEY,
	name VARCHAR(50) NOT NULL
);

CREATE TABLE periods (
	id SERIAL PRIMARY KEY,
	minute_limit INT,
	fix_cost INT NOT NULL,
	price_per_minute INT NOT NULL,
	next_period_id INT,
	FOREIGN KEY(next_period_id) REFERENCES periods(id)
);

CREATE TABLE start_period_choice (
	id SERIAL PRIMARY KEY,
	tariff_id INT NOT NULL,
	call_type_id INT NOT NULL,
	is_intranet BOOLEAN NOT NULL,
	start_period_id INT NOT NULL,
	FOREIGN KEY(tariff_id) REFERENCES tariffs(id),
	FOREIGN KEY(call_type_id) REFERENCES call_types(id),
	FOREIGN KEY(start_period_id) REFERENCES periods(id)
);

CREATE TABLE clients (
	id SERIAL PRIMARY KEY,
	number VARCHAR(11) UNIQUE NOT NULL,
	balance INT NOT NULL,
	tariff_id INT NOT NULL,
	operations_count INT NOT NULL,
	FOREIGN KEY(number) REFERENCES users(username),
	FOREIGN KEY(tariff_id) REFERENCES tariffs(id)
);

CREATE TABLE managers (
	id SERIAL PRIMARY KEY,
	username VARCHAR(50) UNIQUE NOT NULL,
	FOREIGN KEY(username) REFERENCES users(username)
);

CREATE TABLE billing_periods (
	id SERIAL PRIMARY KEY,
	client_id INT NOT NULL,
	total_cost INT NOT NULL,
	FOREIGN KEY(client_id) REFERENCES clients(id)
);

CREATE TABLE calls (
	id SERIAL PRIMARY KEY,
	call_type_id INT NOT NULL,
	billing_period_id INT NOT NULL,
	start_time TIMESTAMP NOT NULL,
	end_time TIMESTAMP NOT NULL,
	duration NUMERIC NOT NULL,
	cost INT NOT NULL,
	FOREIGN KEY(call_type_id) REFERENCES call_types(id),
	FOREIGN KEY(billing_period_id) REFERENCES billing_periods(id)
);

INSERT INTO user_roles (name)
VALUES 
	('CLIENT'),
	('MANAGER');

INSERT INTO call_types (id, name)
VALUES 
	(1, 'Исходящий'),
	(2, 'Входящий');

INSERT INTO tariffs (id, name)
VALUES 
	(6, 'Безлимит 300'),
	(3, 'Поминутный'),
	(11, 'Обычный'),
	(82, 'Тариф X');

INSERT INTO periods (minute_limit, fix_cost, price_per_minute, next_period_id)
VALUES 
	(NULL, 0, 0, NULL),
	(NULL, 0, 100, NULL),
	(NULL, 0, 150, NULL),
	(300, 10000, 0, 2),
	(100, 0, 50, 3);
	
INSERT INTO start_period_choice (tariff_id, call_type_id, is_intranet, start_period_id)
VALUES 
	(6, 1, false, 4),
	(6, 1, true, 4),
	(6, 2, false, 4),
	(6, 2, true, 4),
	
	(3, 1, false, 3),
	(3, 1, true, 3),
	(3, 2, false, 3),
	(3, 2, true, 3),
	
	(11, 1, false, 5),
	(11, 1, true, 5),
	(11, 2, false, 1),
	(11, 2, true, 1),
	
	(82, 1, false, 3),
	(82, 1, true, 1),
	(82, 2, false, 3),
	(82, 2, true, 1);
	
-- password: manager
INSERT INTO users (username, password, user_role_id)
VALUES 
	('manager', '$2a$10$ty.A4Wp55BVWCd65tFHuQe2QJxZAr/mkKsaI2L19a5tmF6ErkQO7K', 2);

INSERT INTO managers (username)
VALUES 
	('manager');

-- password: password
INSERT INTO users (username, password, user_role_id)
VALUES
    ('78240243824', '$2a$10$5P9qZIWH0Rn.3cNxzSPqMeYDt4O0veHUXYrtS6Y7EAp50IfuVjuXe', 1),
    ('77364686614', '$2a$10$5P9qZIWH0Rn.3cNxzSPqMeYDt4O0veHUXYrtS6Y7EAp50IfuVjuXe', 1),
    ('71278746291', '$2a$10$5P9qZIWH0Rn.3cNxzSPqMeYDt4O0veHUXYrtS6Y7EAp50IfuVjuXe', 1),
    ('72579044319', '$2a$10$5P9qZIWH0Rn.3cNxzSPqMeYDt4O0veHUXYrtS6Y7EAp50IfuVjuXe', 1),
    ('71262204359', '$2a$10$5P9qZIWH0Rn.3cNxzSPqMeYDt4O0veHUXYrtS6Y7EAp50IfuVjuXe', 1),
    ('73105196568', '$2a$10$5P9qZIWH0Rn.3cNxzSPqMeYDt4O0veHUXYrtS6Y7EAp50IfuVjuXe', 1),
    ('76719910842', '$2a$10$5P9qZIWH0Rn.3cNxzSPqMeYDt4O0veHUXYrtS6Y7EAp50IfuVjuXe', 1),
    ('76626529919', '$2a$10$5P9qZIWH0Rn.3cNxzSPqMeYDt4O0veHUXYrtS6Y7EAp50IfuVjuXe', 1),
    ('70424010600', '$2a$10$5P9qZIWH0Rn.3cNxzSPqMeYDt4O0veHUXYrtS6Y7EAp50IfuVjuXe', 1),
    ('71742121013', '$2a$10$5P9qZIWH0Rn.3cNxzSPqMeYDt4O0veHUXYrtS6Y7EAp50IfuVjuXe', 1),
    ('79482935490', '$2a$10$5P9qZIWH0Rn.3cNxzSPqMeYDt4O0veHUXYrtS6Y7EAp50IfuVjuXe', 1),
    ('71339406767', '$2a$10$5P9qZIWH0Rn.3cNxzSPqMeYDt4O0veHUXYrtS6Y7EAp50IfuVjuXe', 1),
    ('71993364312', '$2a$10$5P9qZIWH0Rn.3cNxzSPqMeYDt4O0veHUXYrtS6Y7EAp50IfuVjuXe', 1),
    ('73493924408', '$2a$10$5P9qZIWH0Rn.3cNxzSPqMeYDt4O0veHUXYrtS6Y7EAp50IfuVjuXe', 1),
    ('74071980329', '$2a$10$5P9qZIWH0Rn.3cNxzSPqMeYDt4O0veHUXYrtS6Y7EAp50IfuVjuXe', 1),
    ('71135409848', '$2a$10$5P9qZIWH0Rn.3cNxzSPqMeYDt4O0veHUXYrtS6Y7EAp50IfuVjuXe', 1),
    ('72594628393', '$2a$10$5P9qZIWH0Rn.3cNxzSPqMeYDt4O0veHUXYrtS6Y7EAp50IfuVjuXe', 1),
    ('79390267236', '$2a$10$5P9qZIWH0Rn.3cNxzSPqMeYDt4O0veHUXYrtS6Y7EAp50IfuVjuXe', 1),
    ('74646513512', '$2a$10$5P9qZIWH0Rn.3cNxzSPqMeYDt4O0veHUXYrtS6Y7EAp50IfuVjuXe', 1),
    ('78636080422', '$2a$10$5P9qZIWH0Rn.3cNxzSPqMeYDt4O0veHUXYrtS6Y7EAp50IfuVjuXe', 1),
    ('72014994895', '$2a$10$5P9qZIWH0Rn.3cNxzSPqMeYDt4O0veHUXYrtS6Y7EAp50IfuVjuXe', 1),
    ('70865558114', '$2a$10$5P9qZIWH0Rn.3cNxzSPqMeYDt4O0veHUXYrtS6Y7EAp50IfuVjuXe', 1),
    ('71344900068', '$2a$10$5P9qZIWH0Rn.3cNxzSPqMeYDt4O0veHUXYrtS6Y7EAp50IfuVjuXe', 1),
    ('70085357412', '$2a$10$5P9qZIWH0Rn.3cNxzSPqMeYDt4O0veHUXYrtS6Y7EAp50IfuVjuXe', 1),
    ('75826485082', '$2a$10$5P9qZIWH0Rn.3cNxzSPqMeYDt4O0veHUXYrtS6Y7EAp50IfuVjuXe', 1),
    ('78792234296', '$2a$10$5P9qZIWH0Rn.3cNxzSPqMeYDt4O0veHUXYrtS6Y7EAp50IfuVjuXe', 1),
    ('73658083951', '$2a$10$5P9qZIWH0Rn.3cNxzSPqMeYDt4O0veHUXYrtS6Y7EAp50IfuVjuXe', 1),
    ('74059774855', '$2a$10$5P9qZIWH0Rn.3cNxzSPqMeYDt4O0veHUXYrtS6Y7EAp50IfuVjuXe', 1),
    ('74843779603', '$2a$10$5P9qZIWH0Rn.3cNxzSPqMeYDt4O0veHUXYrtS6Y7EAp50IfuVjuXe', 1),
    ('75445054451', '$2a$10$5P9qZIWH0Rn.3cNxzSPqMeYDt4O0veHUXYrtS6Y7EAp50IfuVjuXe', 1),
    ('77568907806', '$2a$10$5P9qZIWH0Rn.3cNxzSPqMeYDt4O0veHUXYrtS6Y7EAp50IfuVjuXe', 1),
    ('79203981071', '$2a$10$5P9qZIWH0Rn.3cNxzSPqMeYDt4O0veHUXYrtS6Y7EAp50IfuVjuXe', 1),
    ('75485986179', '$2a$10$5P9qZIWH0Rn.3cNxzSPqMeYDt4O0veHUXYrtS6Y7EAp50IfuVjuXe', 1),
    ('72345538903', '$2a$10$5P9qZIWH0Rn.3cNxzSPqMeYDt4O0veHUXYrtS6Y7EAp50IfuVjuXe', 1),
    ('76245357513', '$2a$10$5P9qZIWH0Rn.3cNxzSPqMeYDt4O0veHUXYrtS6Y7EAp50IfuVjuXe', 1),
    ('74177956988', '$2a$10$5P9qZIWH0Rn.3cNxzSPqMeYDt4O0veHUXYrtS6Y7EAp50IfuVjuXe', 1),
    ('76334656616', '$2a$10$5P9qZIWH0Rn.3cNxzSPqMeYDt4O0veHUXYrtS6Y7EAp50IfuVjuXe', 1),
    ('70216551018', '$2a$10$5P9qZIWH0Rn.3cNxzSPqMeYDt4O0veHUXYrtS6Y7EAp50IfuVjuXe', 1),
    ('74125448532', '$2a$10$5P9qZIWH0Rn.3cNxzSPqMeYDt4O0veHUXYrtS6Y7EAp50IfuVjuXe', 1),
    ('75864167796', '$2a$10$5P9qZIWH0Rn.3cNxzSPqMeYDt4O0veHUXYrtS6Y7EAp50IfuVjuXe', 1),
    ('74694051288', '$2a$10$5P9qZIWH0Rn.3cNxzSPqMeYDt4O0veHUXYrtS6Y7EAp50IfuVjuXe', 1),
    ('79038490380', '$2a$10$5P9qZIWH0Rn.3cNxzSPqMeYDt4O0veHUXYrtS6Y7EAp50IfuVjuXe', 1),
    ('72514746492', '$2a$10$5P9qZIWH0Rn.3cNxzSPqMeYDt4O0veHUXYrtS6Y7EAp50IfuVjuXe', 1),
    ('75525555145', '$2a$10$5P9qZIWH0Rn.3cNxzSPqMeYDt4O0veHUXYrtS6Y7EAp50IfuVjuXe', 1),
    ('77284032797', '$2a$10$5P9qZIWH0Rn.3cNxzSPqMeYDt4O0veHUXYrtS6Y7EAp50IfuVjuXe', 1),
    ('77290895154', '$2a$10$5P9qZIWH0Rn.3cNxzSPqMeYDt4O0veHUXYrtS6Y7EAp50IfuVjuXe', 1),
    ('77462065757', '$2a$10$5P9qZIWH0Rn.3cNxzSPqMeYDt4O0veHUXYrtS6Y7EAp50IfuVjuXe', 1),
    ('70330249494', '$2a$10$5P9qZIWH0Rn.3cNxzSPqMeYDt4O0veHUXYrtS6Y7EAp50IfuVjuXe', 1),
    ('74963874549', '$2a$10$5P9qZIWH0Rn.3cNxzSPqMeYDt4O0veHUXYrtS6Y7EAp50IfuVjuXe', 1),
    ('78894293104', '$2a$10$5P9qZIWH0Rn.3cNxzSPqMeYDt4O0veHUXYrtS6Y7EAp50IfuVjuXe', 1),
    ('78758356340', '$2a$10$5P9qZIWH0Rn.3cNxzSPqMeYDt4O0veHUXYrtS6Y7EAp50IfuVjuXe', 1),
    ('76477055835', '$2a$10$5P9qZIWH0Rn.3cNxzSPqMeYDt4O0veHUXYrtS6Y7EAp50IfuVjuXe', 1),
    ('71235304864', '$2a$10$5P9qZIWH0Rn.3cNxzSPqMeYDt4O0veHUXYrtS6Y7EAp50IfuVjuXe', 1),
    ('70058963684', '$2a$10$5P9qZIWH0Rn.3cNxzSPqMeYDt4O0veHUXYrtS6Y7EAp50IfuVjuXe', 1),
    ('77009143930', '$2a$10$5P9qZIWH0Rn.3cNxzSPqMeYDt4O0veHUXYrtS6Y7EAp50IfuVjuXe', 1),
    ('74070540475', '$2a$10$5P9qZIWH0Rn.3cNxzSPqMeYDt4O0veHUXYrtS6Y7EAp50IfuVjuXe', 1),
    ('79032524172', '$2a$10$5P9qZIWH0Rn.3cNxzSPqMeYDt4O0veHUXYrtS6Y7EAp50IfuVjuXe', 1),
    ('78818610726', '$2a$10$5P9qZIWH0Rn.3cNxzSPqMeYDt4O0veHUXYrtS6Y7EAp50IfuVjuXe', 1),
    ('77739769833', '$2a$10$5P9qZIWH0Rn.3cNxzSPqMeYDt4O0veHUXYrtS6Y7EAp50IfuVjuXe', 1),
    ('74123497176', '$2a$10$5P9qZIWH0Rn.3cNxzSPqMeYDt4O0veHUXYrtS6Y7EAp50IfuVjuXe', 1),
    ('75170338923', '$2a$10$5P9qZIWH0Rn.3cNxzSPqMeYDt4O0veHUXYrtS6Y7EAp50IfuVjuXe', 1),
    ('73870803850', '$2a$10$5P9qZIWH0Rn.3cNxzSPqMeYDt4O0veHUXYrtS6Y7EAp50IfuVjuXe', 1),
    ('70813348129', '$2a$10$5P9qZIWH0Rn.3cNxzSPqMeYDt4O0veHUXYrtS6Y7EAp50IfuVjuXe', 1),
    ('79119785245', '$2a$10$5P9qZIWH0Rn.3cNxzSPqMeYDt4O0veHUXYrtS6Y7EAp50IfuVjuXe', 1),
    ('73727617495', '$2a$10$5P9qZIWH0Rn.3cNxzSPqMeYDt4O0veHUXYrtS6Y7EAp50IfuVjuXe', 1),
    ('79756971700', '$2a$10$5P9qZIWH0Rn.3cNxzSPqMeYDt4O0veHUXYrtS6Y7EAp50IfuVjuXe', 1),
    ('75042149282', '$2a$10$5P9qZIWH0Rn.3cNxzSPqMeYDt4O0veHUXYrtS6Y7EAp50IfuVjuXe', 1),
    ('77335118663', '$2a$10$5P9qZIWH0Rn.3cNxzSPqMeYDt4O0veHUXYrtS6Y7EAp50IfuVjuXe', 1),
    ('72525289445', '$2a$10$5P9qZIWH0Rn.3cNxzSPqMeYDt4O0veHUXYrtS6Y7EAp50IfuVjuXe', 1),
    ('71864238781', '$2a$10$5P9qZIWH0Rn.3cNxzSPqMeYDt4O0veHUXYrtS6Y7EAp50IfuVjuXe', 1),
    ('73961679350', '$2a$10$5P9qZIWH0Rn.3cNxzSPqMeYDt4O0veHUXYrtS6Y7EAp50IfuVjuXe', 1),
    ('71027902820', '$2a$10$5P9qZIWH0Rn.3cNxzSPqMeYDt4O0veHUXYrtS6Y7EAp50IfuVjuXe', 1),
    ('79941780090', '$2a$10$5P9qZIWH0Rn.3cNxzSPqMeYDt4O0veHUXYrtS6Y7EAp50IfuVjuXe', 1),
    ('75731804734', '$2a$10$5P9qZIWH0Rn.3cNxzSPqMeYDt4O0veHUXYrtS6Y7EAp50IfuVjuXe', 1),
    ('74141166951', '$2a$10$5P9qZIWH0Rn.3cNxzSPqMeYDt4O0veHUXYrtS6Y7EAp50IfuVjuXe', 1),
    ('77079250509', '$2a$10$5P9qZIWH0Rn.3cNxzSPqMeYDt4O0veHUXYrtS6Y7EAp50IfuVjuXe', 1),
    ('72548660397', '$2a$10$5P9qZIWH0Rn.3cNxzSPqMeYDt4O0veHUXYrtS6Y7EAp50IfuVjuXe', 1),
    ('74084038357', '$2a$10$5P9qZIWH0Rn.3cNxzSPqMeYDt4O0veHUXYrtS6Y7EAp50IfuVjuXe', 1),
    ('71704326442', '$2a$10$5P9qZIWH0Rn.3cNxzSPqMeYDt4O0veHUXYrtS6Y7EAp50IfuVjuXe', 1),
    ('72232880123', '$2a$10$5P9qZIWH0Rn.3cNxzSPqMeYDt4O0veHUXYrtS6Y7EAp50IfuVjuXe', 1),
    ('72833963150', '$2a$10$5P9qZIWH0Rn.3cNxzSPqMeYDt4O0veHUXYrtS6Y7EAp50IfuVjuXe', 1),
    ('74292464537', '$2a$10$5P9qZIWH0Rn.3cNxzSPqMeYDt4O0veHUXYrtS6Y7EAp50IfuVjuXe', 1),
    ('76170690622', '$2a$10$5P9qZIWH0Rn.3cNxzSPqMeYDt4O0veHUXYrtS6Y7EAp50IfuVjuXe', 1),
    ('75997519910', '$2a$10$5P9qZIWH0Rn.3cNxzSPqMeYDt4O0veHUXYrtS6Y7EAp50IfuVjuXe', 1),
    ('79412792810', '$2a$10$5P9qZIWH0Rn.3cNxzSPqMeYDt4O0veHUXYrtS6Y7EAp50IfuVjuXe', 1),
    ('73538008877', '$2a$10$5P9qZIWH0Rn.3cNxzSPqMeYDt4O0veHUXYrtS6Y7EAp50IfuVjuXe', 1),
    ('78347328239', '$2a$10$5P9qZIWH0Rn.3cNxzSPqMeYDt4O0veHUXYrtS6Y7EAp50IfuVjuXe', 1),
    ('73776365954', '$2a$10$5P9qZIWH0Rn.3cNxzSPqMeYDt4O0veHUXYrtS6Y7EAp50IfuVjuXe', 1),
    ('74190566701', '$2a$10$5P9qZIWH0Rn.3cNxzSPqMeYDt4O0veHUXYrtS6Y7EAp50IfuVjuXe', 1),
    ('79980427674', '$2a$10$5P9qZIWH0Rn.3cNxzSPqMeYDt4O0veHUXYrtS6Y7EAp50IfuVjuXe', 1),
    ('78399407868', '$2a$10$5P9qZIWH0Rn.3cNxzSPqMeYDt4O0veHUXYrtS6Y7EAp50IfuVjuXe', 1),
    ('77174005886', '$2a$10$5P9qZIWH0Rn.3cNxzSPqMeYDt4O0veHUXYrtS6Y7EAp50IfuVjuXe', 1),
    ('75024713796', '$2a$10$5P9qZIWH0Rn.3cNxzSPqMeYDt4O0veHUXYrtS6Y7EAp50IfuVjuXe', 1),
    ('71578979246', '$2a$10$5P9qZIWH0Rn.3cNxzSPqMeYDt4O0veHUXYrtS6Y7EAp50IfuVjuXe', 1),
    ('78695976263', '$2a$10$5P9qZIWH0Rn.3cNxzSPqMeYDt4O0veHUXYrtS6Y7EAp50IfuVjuXe', 1),
    ('71319389228', '$2a$10$5P9qZIWH0Rn.3cNxzSPqMeYDt4O0veHUXYrtS6Y7EAp50IfuVjuXe', 1),
    ('76279120202', '$2a$10$5P9qZIWH0Rn.3cNxzSPqMeYDt4O0veHUXYrtS6Y7EAp50IfuVjuXe', 1),
    ('77868663275', '$2a$10$5P9qZIWH0Rn.3cNxzSPqMeYDt4O0veHUXYrtS6Y7EAp50IfuVjuXe', 1),
    ('73026229888', '$2a$10$5P9qZIWH0Rn.3cNxzSPqMeYDt4O0veHUXYrtS6Y7EAp50IfuVjuXe', 1),
    ('70462040915', '$2a$10$5P9qZIWH0Rn.3cNxzSPqMeYDt4O0veHUXYrtS6Y7EAp50IfuVjuXe', 1),
    ('79694125076', '$2a$10$5P9qZIWH0Rn.3cNxzSPqMeYDt4O0veHUXYrtS6Y7EAp50IfuVjuXe', 1),
    ('76803276304', '$2a$10$5P9qZIWH0Rn.3cNxzSPqMeYDt4O0veHUXYrtS6Y7EAp50IfuVjuXe', 1),
    ('79389596792', '$2a$10$5P9qZIWH0Rn.3cNxzSPqMeYDt4O0veHUXYrtS6Y7EAp50IfuVjuXe', 1),
    ('77057549288', '$2a$10$5P9qZIWH0Rn.3cNxzSPqMeYDt4O0veHUXYrtS6Y7EAp50IfuVjuXe', 1),
    ('77094926859', '$2a$10$5P9qZIWH0Rn.3cNxzSPqMeYDt4O0veHUXYrtS6Y7EAp50IfuVjuXe', 1),
    ('76668517533', '$2a$10$5P9qZIWH0Rn.3cNxzSPqMeYDt4O0veHUXYrtS6Y7EAp50IfuVjuXe', 1),
    ('71716561909', '$2a$10$5P9qZIWH0Rn.3cNxzSPqMeYDt4O0veHUXYrtS6Y7EAp50IfuVjuXe', 1),
    ('79200993242', '$2a$10$5P9qZIWH0Rn.3cNxzSPqMeYDt4O0veHUXYrtS6Y7EAp50IfuVjuXe', 1),
    ('74225201109', '$2a$10$5P9qZIWH0Rn.3cNxzSPqMeYDt4O0veHUXYrtS6Y7EAp50IfuVjuXe', 1),
    ('76928229507', '$2a$10$5P9qZIWH0Rn.3cNxzSPqMeYDt4O0veHUXYrtS6Y7EAp50IfuVjuXe', 1),
    ('74019774282', '$2a$10$5P9qZIWH0Rn.3cNxzSPqMeYDt4O0veHUXYrtS6Y7EAp50IfuVjuXe', 1),
    ('78740738166', '$2a$10$5P9qZIWH0Rn.3cNxzSPqMeYDt4O0veHUXYrtS6Y7EAp50IfuVjuXe', 1),
    ('78293550638', '$2a$10$5P9qZIWH0Rn.3cNxzSPqMeYDt4O0veHUXYrtS6Y7EAp50IfuVjuXe', 1),
    ('78116342720', '$2a$10$5P9qZIWH0Rn.3cNxzSPqMeYDt4O0veHUXYrtS6Y7EAp50IfuVjuXe', 1),
    ('70180797555', '$2a$10$5P9qZIWH0Rn.3cNxzSPqMeYDt4O0veHUXYrtS6Y7EAp50IfuVjuXe', 1),
    ('74708967627', '$2a$10$5P9qZIWH0Rn.3cNxzSPqMeYDt4O0veHUXYrtS6Y7EAp50IfuVjuXe', 1),
    ('72121428072', '$2a$10$5P9qZIWH0Rn.3cNxzSPqMeYDt4O0veHUXYrtS6Y7EAp50IfuVjuXe', 1),
    ('72367003703', '$2a$10$5P9qZIWH0Rn.3cNxzSPqMeYDt4O0veHUXYrtS6Y7EAp50IfuVjuXe', 1),
    ('75537712224', '$2a$10$5P9qZIWH0Rn.3cNxzSPqMeYDt4O0veHUXYrtS6Y7EAp50IfuVjuXe', 1),
    ('74667903435', '$2a$10$5P9qZIWH0Rn.3cNxzSPqMeYDt4O0veHUXYrtS6Y7EAp50IfuVjuXe', 1),
    ('77881581625', '$2a$10$5P9qZIWH0Rn.3cNxzSPqMeYDt4O0veHUXYrtS6Y7EAp50IfuVjuXe', 1),
    ('70134075584', '$2a$10$5P9qZIWH0Rn.3cNxzSPqMeYDt4O0veHUXYrtS6Y7EAp50IfuVjuXe', 1),
    ('71684593380', '$2a$10$5P9qZIWH0Rn.3cNxzSPqMeYDt4O0veHUXYrtS6Y7EAp50IfuVjuXe', 1),
    ('73406724486', '$2a$10$5P9qZIWH0Rn.3cNxzSPqMeYDt4O0veHUXYrtS6Y7EAp50IfuVjuXe', 1),
    ('75935053908', '$2a$10$5P9qZIWH0Rn.3cNxzSPqMeYDt4O0veHUXYrtS6Y7EAp50IfuVjuXe', 1),
    ('71615836572', '$2a$10$5P9qZIWH0Rn.3cNxzSPqMeYDt4O0veHUXYrtS6Y7EAp50IfuVjuXe', 1),
    ('71361548404', '$2a$10$5P9qZIWH0Rn.3cNxzSPqMeYDt4O0veHUXYrtS6Y7EAp50IfuVjuXe', 1),
    ('79112559019', '$2a$10$5P9qZIWH0Rn.3cNxzSPqMeYDt4O0veHUXYrtS6Y7EAp50IfuVjuXe', 1),
    ('75645217700', '$2a$10$5P9qZIWH0Rn.3cNxzSPqMeYDt4O0veHUXYrtS6Y7EAp50IfuVjuXe', 1),
    ('79377689554', '$2a$10$5P9qZIWH0Rn.3cNxzSPqMeYDt4O0veHUXYrtS6Y7EAp50IfuVjuXe', 1),
    ('73448832935', '$2a$10$5P9qZIWH0Rn.3cNxzSPqMeYDt4O0veHUXYrtS6Y7EAp50IfuVjuXe', 1),
    ('78500387873', '$2a$10$5P9qZIWH0Rn.3cNxzSPqMeYDt4O0veHUXYrtS6Y7EAp50IfuVjuXe', 1),
    ('70462056364', '$2a$10$5P9qZIWH0Rn.3cNxzSPqMeYDt4O0veHUXYrtS6Y7EAp50IfuVjuXe', 1),
    ('79298168357', '$2a$10$5P9qZIWH0Rn.3cNxzSPqMeYDt4O0veHUXYrtS6Y7EAp50IfuVjuXe', 1),
    ('79495569591', '$2a$10$5P9qZIWH0Rn.3cNxzSPqMeYDt4O0veHUXYrtS6Y7EAp50IfuVjuXe', 1),
    ('77417622569', '$2a$10$5P9qZIWH0Rn.3cNxzSPqMeYDt4O0veHUXYrtS6Y7EAp50IfuVjuXe', 1),
    ('79126869667', '$2a$10$5P9qZIWH0Rn.3cNxzSPqMeYDt4O0veHUXYrtS6Y7EAp50IfuVjuXe', 1),
    ('71266594668', '$2a$10$5P9qZIWH0Rn.3cNxzSPqMeYDt4O0veHUXYrtS6Y7EAp50IfuVjuXe', 1),
    ('76136611982', '$2a$10$5P9qZIWH0Rn.3cNxzSPqMeYDt4O0veHUXYrtS6Y7EAp50IfuVjuXe', 1),
    ('73459811164', '$2a$10$5P9qZIWH0Rn.3cNxzSPqMeYDt4O0veHUXYrtS6Y7EAp50IfuVjuXe', 1),
    ('71984666791', '$2a$10$5P9qZIWH0Rn.3cNxzSPqMeYDt4O0veHUXYrtS6Y7EAp50IfuVjuXe', 1),
    ('78089456733', '$2a$10$5P9qZIWH0Rn.3cNxzSPqMeYDt4O0veHUXYrtS6Y7EAp50IfuVjuXe', 1),
    ('70989057569', '$2a$10$5P9qZIWH0Rn.3cNxzSPqMeYDt4O0veHUXYrtS6Y7EAp50IfuVjuXe', 1),
    ('71383677404', '$2a$10$5P9qZIWH0Rn.3cNxzSPqMeYDt4O0veHUXYrtS6Y7EAp50IfuVjuXe', 1),
    ('76698073463', '$2a$10$5P9qZIWH0Rn.3cNxzSPqMeYDt4O0veHUXYrtS6Y7EAp50IfuVjuXe', 1),
    ('71004110775', '$2a$10$5P9qZIWH0Rn.3cNxzSPqMeYDt4O0veHUXYrtS6Y7EAp50IfuVjuXe', 1),
    ('76065434779', '$2a$10$5P9qZIWH0Rn.3cNxzSPqMeYDt4O0veHUXYrtS6Y7EAp50IfuVjuXe', 1),
    ('74247166742', '$2a$10$5P9qZIWH0Rn.3cNxzSPqMeYDt4O0veHUXYrtS6Y7EAp50IfuVjuXe', 1),
    ('79619298113', '$2a$10$5P9qZIWH0Rn.3cNxzSPqMeYDt4O0veHUXYrtS6Y7EAp50IfuVjuXe', 1),
    ('77279346854', '$2a$10$5P9qZIWH0Rn.3cNxzSPqMeYDt4O0veHUXYrtS6Y7EAp50IfuVjuXe', 1),
    ('76775056060', '$2a$10$5P9qZIWH0Rn.3cNxzSPqMeYDt4O0veHUXYrtS6Y7EAp50IfuVjuXe', 1),
    ('73148673984', '$2a$10$5P9qZIWH0Rn.3cNxzSPqMeYDt4O0veHUXYrtS6Y7EAp50IfuVjuXe', 1),
    ('78071991361', '$2a$10$5P9qZIWH0Rn.3cNxzSPqMeYDt4O0veHUXYrtS6Y7EAp50IfuVjuXe', 1),
    ('70384834525', '$2a$10$5P9qZIWH0Rn.3cNxzSPqMeYDt4O0veHUXYrtS6Y7EAp50IfuVjuXe', 1),
    ('72345834825', '$2a$10$5P9qZIWH0Rn.3cNxzSPqMeYDt4O0veHUXYrtS6Y7EAp50IfuVjuXe', 1),
    ('74145384720', '$2a$10$5P9qZIWH0Rn.3cNxzSPqMeYDt4O0veHUXYrtS6Y7EAp50IfuVjuXe', 1),
    ('70044576097', '$2a$10$5P9qZIWH0Rn.3cNxzSPqMeYDt4O0veHUXYrtS6Y7EAp50IfuVjuXe', 1),
    ('74403047834', '$2a$10$5P9qZIWH0Rn.3cNxzSPqMeYDt4O0veHUXYrtS6Y7EAp50IfuVjuXe', 1),
    ('72741563946', '$2a$10$5P9qZIWH0Rn.3cNxzSPqMeYDt4O0veHUXYrtS6Y7EAp50IfuVjuXe', 1),
    ('74121872036', '$2a$10$5P9qZIWH0Rn.3cNxzSPqMeYDt4O0veHUXYrtS6Y7EAp50IfuVjuXe', 1),
    ('78332757022', '$2a$10$5P9qZIWH0Rn.3cNxzSPqMeYDt4O0veHUXYrtS6Y7EAp50IfuVjuXe', 1),
    ('74822045332', '$2a$10$5P9qZIWH0Rn.3cNxzSPqMeYDt4O0veHUXYrtS6Y7EAp50IfuVjuXe', 1),
    ('70918094270', '$2a$10$5P9qZIWH0Rn.3cNxzSPqMeYDt4O0veHUXYrtS6Y7EAp50IfuVjuXe', 1),
    ('75930060469', '$2a$10$5P9qZIWH0Rn.3cNxzSPqMeYDt4O0veHUXYrtS6Y7EAp50IfuVjuXe', 1),
    ('70365588899', '$2a$10$5P9qZIWH0Rn.3cNxzSPqMeYDt4O0veHUXYrtS6Y7EAp50IfuVjuXe', 1),
    ('79412361531', '$2a$10$5P9qZIWH0Rn.3cNxzSPqMeYDt4O0veHUXYrtS6Y7EAp50IfuVjuXe', 1),
    ('70226393735', '$2a$10$5P9qZIWH0Rn.3cNxzSPqMeYDt4O0veHUXYrtS6Y7EAp50IfuVjuXe', 1),
    ('78456806611', '$2a$10$5P9qZIWH0Rn.3cNxzSPqMeYDt4O0veHUXYrtS6Y7EAp50IfuVjuXe', 1),
    ('78084266585', '$2a$10$5P9qZIWH0Rn.3cNxzSPqMeYDt4O0veHUXYrtS6Y7EAp50IfuVjuXe', 1),
    ('74773158662', '$2a$10$5P9qZIWH0Rn.3cNxzSPqMeYDt4O0veHUXYrtS6Y7EAp50IfuVjuXe', 1),
    ('72036711110', '$2a$10$5P9qZIWH0Rn.3cNxzSPqMeYDt4O0veHUXYrtS6Y7EAp50IfuVjuXe', 1),
    ('75392422104', '$2a$10$5P9qZIWH0Rn.3cNxzSPqMeYDt4O0veHUXYrtS6Y7EAp50IfuVjuXe', 1),
    ('73727696823', '$2a$10$5P9qZIWH0Rn.3cNxzSPqMeYDt4O0veHUXYrtS6Y7EAp50IfuVjuXe', 1),
    ('75762003124', '$2a$10$5P9qZIWH0Rn.3cNxzSPqMeYDt4O0veHUXYrtS6Y7EAp50IfuVjuXe', 1),
    ('70525565125', '$2a$10$5P9qZIWH0Rn.3cNxzSPqMeYDt4O0veHUXYrtS6Y7EAp50IfuVjuXe', 1),
    ('70439139056', '$2a$10$5P9qZIWH0Rn.3cNxzSPqMeYDt4O0veHUXYrtS6Y7EAp50IfuVjuXe', 1),
    ('74997336990', '$2a$10$5P9qZIWH0Rn.3cNxzSPqMeYDt4O0veHUXYrtS6Y7EAp50IfuVjuXe', 1),
    ('79735238585', '$2a$10$5P9qZIWH0Rn.3cNxzSPqMeYDt4O0veHUXYrtS6Y7EAp50IfuVjuXe', 1),
    ('71282693304', '$2a$10$5P9qZIWH0Rn.3cNxzSPqMeYDt4O0veHUXYrtS6Y7EAp50IfuVjuXe', 1),
    ('75327660722', '$2a$10$5P9qZIWH0Rn.3cNxzSPqMeYDt4O0veHUXYrtS6Y7EAp50IfuVjuXe', 1),
    ('75581431531', '$2a$10$5P9qZIWH0Rn.3cNxzSPqMeYDt4O0veHUXYrtS6Y7EAp50IfuVjuXe', 1),
    ('71103082096', '$2a$10$5P9qZIWH0Rn.3cNxzSPqMeYDt4O0veHUXYrtS6Y7EAp50IfuVjuXe', 1),
    ('79416374018', '$2a$10$5P9qZIWH0Rn.3cNxzSPqMeYDt4O0veHUXYrtS6Y7EAp50IfuVjuXe', 1),
    ('75837301125', '$2a$10$5P9qZIWH0Rn.3cNxzSPqMeYDt4O0veHUXYrtS6Y7EAp50IfuVjuXe', 1),
    ('75368506301', '$2a$10$5P9qZIWH0Rn.3cNxzSPqMeYDt4O0veHUXYrtS6Y7EAp50IfuVjuXe', 1),
    ('73128680415', '$2a$10$5P9qZIWH0Rn.3cNxzSPqMeYDt4O0veHUXYrtS6Y7EAp50IfuVjuXe', 1),
    ('78662776975', '$2a$10$5P9qZIWH0Rn.3cNxzSPqMeYDt4O0veHUXYrtS6Y7EAp50IfuVjuXe', 1),
    ('71503531649', '$2a$10$5P9qZIWH0Rn.3cNxzSPqMeYDt4O0veHUXYrtS6Y7EAp50IfuVjuXe', 1),
    ('77076232815', '$2a$10$5P9qZIWH0Rn.3cNxzSPqMeYDt4O0veHUXYrtS6Y7EAp50IfuVjuXe', 1),
    ('71532812716', '$2a$10$5P9qZIWH0Rn.3cNxzSPqMeYDt4O0veHUXYrtS6Y7EAp50IfuVjuXe', 1),
    ('73584006991', '$2a$10$5P9qZIWH0Rn.3cNxzSPqMeYDt4O0veHUXYrtS6Y7EAp50IfuVjuXe', 1),
    ('74669752004', '$2a$10$5P9qZIWH0Rn.3cNxzSPqMeYDt4O0veHUXYrtS6Y7EAp50IfuVjuXe', 1),
    ('70334303068', '$2a$10$5P9qZIWH0Rn.3cNxzSPqMeYDt4O0veHUXYrtS6Y7EAp50IfuVjuXe', 1),
    ('73308245162', '$2a$10$5P9qZIWH0Rn.3cNxzSPqMeYDt4O0veHUXYrtS6Y7EAp50IfuVjuXe', 1),
    ('77326938917', '$2a$10$5P9qZIWH0Rn.3cNxzSPqMeYDt4O0veHUXYrtS6Y7EAp50IfuVjuXe', 1),
    ('75394712122', '$2a$10$5P9qZIWH0Rn.3cNxzSPqMeYDt4O0veHUXYrtS6Y7EAp50IfuVjuXe', 1),
    ('73556635943', '$2a$10$5P9qZIWH0Rn.3cNxzSPqMeYDt4O0veHUXYrtS6Y7EAp50IfuVjuXe', 1),
    ('73570768017', '$2a$10$5P9qZIWH0Rn.3cNxzSPqMeYDt4O0veHUXYrtS6Y7EAp50IfuVjuXe', 1),
    ('72510638790', '$2a$10$5P9qZIWH0Rn.3cNxzSPqMeYDt4O0veHUXYrtS6Y7EAp50IfuVjuXe', 1),
    ('75061935499', '$2a$10$5P9qZIWH0Rn.3cNxzSPqMeYDt4O0veHUXYrtS6Y7EAp50IfuVjuXe', 1),
    ('79671401306', '$2a$10$5P9qZIWH0Rn.3cNxzSPqMeYDt4O0veHUXYrtS6Y7EAp50IfuVjuXe', 1),
    ('72334866162', '$2a$10$5P9qZIWH0Rn.3cNxzSPqMeYDt4O0veHUXYrtS6Y7EAp50IfuVjuXe', 1),
    ('74904268671', '$2a$10$5P9qZIWH0Rn.3cNxzSPqMeYDt4O0veHUXYrtS6Y7EAp50IfuVjuXe', 1),
    ('72393352507', '$2a$10$5P9qZIWH0Rn.3cNxzSPqMeYDt4O0veHUXYrtS6Y7EAp50IfuVjuXe', 1),
    ('75211086916', '$2a$10$5P9qZIWH0Rn.3cNxzSPqMeYDt4O0veHUXYrtS6Y7EAp50IfuVjuXe', 1),
    ('71188505609', '$2a$10$5P9qZIWH0Rn.3cNxzSPqMeYDt4O0veHUXYrtS6Y7EAp50IfuVjuXe', 1),
    ('74520939220', '$2a$10$5P9qZIWH0Rn.3cNxzSPqMeYDt4O0veHUXYrtS6Y7EAp50IfuVjuXe', 1),
    ('72204999292', '$2a$10$5P9qZIWH0Rn.3cNxzSPqMeYDt4O0veHUXYrtS6Y7EAp50IfuVjuXe', 1),
    ('72404998776', '$2a$10$5P9qZIWH0Rn.3cNxzSPqMeYDt4O0veHUXYrtS6Y7EAp50IfuVjuXe', 1),
    ('74469061084', '$2a$10$5P9qZIWH0Rn.3cNxzSPqMeYDt4O0veHUXYrtS6Y7EAp50IfuVjuXe', 1),
    ('72273206416', '$2a$10$5P9qZIWH0Rn.3cNxzSPqMeYDt4O0veHUXYrtS6Y7EAp50IfuVjuXe', 1),
    ('78768681312', '$2a$10$5P9qZIWH0Rn.3cNxzSPqMeYDt4O0veHUXYrtS6Y7EAp50IfuVjuXe', 1),
    ('73482220713', '$2a$10$5P9qZIWH0Rn.3cNxzSPqMeYDt4O0veHUXYrtS6Y7EAp50IfuVjuXe', 1),
    ('73706424062', '$2a$10$5P9qZIWH0Rn.3cNxzSPqMeYDt4O0veHUXYrtS6Y7EAp50IfuVjuXe', 1),
    ('78259678299', '$2a$10$5P9qZIWH0Rn.3cNxzSPqMeYDt4O0veHUXYrtS6Y7EAp50IfuVjuXe', 1),
    ('76754610773', '$2a$10$5P9qZIWH0Rn.3cNxzSPqMeYDt4O0veHUXYrtS6Y7EAp50IfuVjuXe', 1),
    ('73624408819', '$2a$10$5P9qZIWH0Rn.3cNxzSPqMeYDt4O0veHUXYrtS6Y7EAp50IfuVjuXe', 1),
    ('70591720035', '$2a$10$5P9qZIWH0Rn.3cNxzSPqMeYDt4O0veHUXYrtS6Y7EAp50IfuVjuXe', 1),
    ('78212559236', '$2a$10$5P9qZIWH0Rn.3cNxzSPqMeYDt4O0veHUXYrtS6Y7EAp50IfuVjuXe', 1),
    ('79235122118', '$2a$10$5P9qZIWH0Rn.3cNxzSPqMeYDt4O0veHUXYrtS6Y7EAp50IfuVjuXe', 1),
    ('75273131706', '$2a$10$5P9qZIWH0Rn.3cNxzSPqMeYDt4O0veHUXYrtS6Y7EAp50IfuVjuXe', 1),
    ('72940875911', '$2a$10$5P9qZIWH0Rn.3cNxzSPqMeYDt4O0veHUXYrtS6Y7EAp50IfuVjuXe', 1),
    ('76367304275', '$2a$10$5P9qZIWH0Rn.3cNxzSPqMeYDt4O0veHUXYrtS6Y7EAp50IfuVjuXe', 1),
    ('79453905711', '$2a$10$5P9qZIWH0Rn.3cNxzSPqMeYDt4O0veHUXYrtS6Y7EAp50IfuVjuXe', 1),
    ('75743270703', '$2a$10$5P9qZIWH0Rn.3cNxzSPqMeYDt4O0veHUXYrtS6Y7EAp50IfuVjuXe', 1),
    ('75983042125', '$2a$10$5P9qZIWH0Rn.3cNxzSPqMeYDt4O0veHUXYrtS6Y7EAp50IfuVjuXe', 1),
    ('74913669416', '$2a$10$5P9qZIWH0Rn.3cNxzSPqMeYDt4O0veHUXYrtS6Y7EAp50IfuVjuXe', 1),
    ('72380721411', '$2a$10$5P9qZIWH0Rn.3cNxzSPqMeYDt4O0veHUXYrtS6Y7EAp50IfuVjuXe', 1),
    ('72262598260', '$2a$10$5P9qZIWH0Rn.3cNxzSPqMeYDt4O0veHUXYrtS6Y7EAp50IfuVjuXe', 1),
    ('77481481732', '$2a$10$5P9qZIWH0Rn.3cNxzSPqMeYDt4O0veHUXYrtS6Y7EAp50IfuVjuXe', 1),
    ('72222149406', '$2a$10$5P9qZIWH0Rn.3cNxzSPqMeYDt4O0veHUXYrtS6Y7EAp50IfuVjuXe', 1),
    ('76463527338', '$2a$10$5P9qZIWH0Rn.3cNxzSPqMeYDt4O0veHUXYrtS6Y7EAp50IfuVjuXe', 1),
    ('70482000296', '$2a$10$5P9qZIWH0Rn.3cNxzSPqMeYDt4O0veHUXYrtS6Y7EAp50IfuVjuXe', 1),
    ('77451321187', '$2a$10$5P9qZIWH0Rn.3cNxzSPqMeYDt4O0veHUXYrtS6Y7EAp50IfuVjuXe', 1),
    ('79249711500', '$2a$10$5P9qZIWH0Rn.3cNxzSPqMeYDt4O0veHUXYrtS6Y7EAp50IfuVjuXe', 1),
    ('76845758434', '$2a$10$5P9qZIWH0Rn.3cNxzSPqMeYDt4O0veHUXYrtS6Y7EAp50IfuVjuXe', 1),
    ('77467598803', '$2a$10$5P9qZIWH0Rn.3cNxzSPqMeYDt4O0veHUXYrtS6Y7EAp50IfuVjuXe', 1),
    ('79299230037', '$2a$10$5P9qZIWH0Rn.3cNxzSPqMeYDt4O0veHUXYrtS6Y7EAp50IfuVjuXe', 1),
    ('79618244816', '$2a$10$5P9qZIWH0Rn.3cNxzSPqMeYDt4O0veHUXYrtS6Y7EAp50IfuVjuXe', 1),
    ('73208053605', '$2a$10$5P9qZIWH0Rn.3cNxzSPqMeYDt4O0veHUXYrtS6Y7EAp50IfuVjuXe', 1),
    ('71341547525', '$2a$10$5P9qZIWH0Rn.3cNxzSPqMeYDt4O0veHUXYrtS6Y7EAp50IfuVjuXe', 1),
    ('70010477961', '$2a$10$5P9qZIWH0Rn.3cNxzSPqMeYDt4O0veHUXYrtS6Y7EAp50IfuVjuXe', 1),
    ('78515641861', '$2a$10$5P9qZIWH0Rn.3cNxzSPqMeYDt4O0veHUXYrtS6Y7EAp50IfuVjuXe', 1),
    ('79695746233', '$2a$10$5P9qZIWH0Rn.3cNxzSPqMeYDt4O0veHUXYrtS6Y7EAp50IfuVjuXe', 1),
    ('74674116997', '$2a$10$5P9qZIWH0Rn.3cNxzSPqMeYDt4O0veHUXYrtS6Y7EAp50IfuVjuXe', 1),
    ('73542210112', '$2a$10$5P9qZIWH0Rn.3cNxzSPqMeYDt4O0veHUXYrtS6Y7EAp50IfuVjuXe', 1),
    ('74301700673', '$2a$10$5P9qZIWH0Rn.3cNxzSPqMeYDt4O0veHUXYrtS6Y7EAp50IfuVjuXe', 1),
    ('72177904830', '$2a$10$5P9qZIWH0Rn.3cNxzSPqMeYDt4O0veHUXYrtS6Y7EAp50IfuVjuXe', 1),
    ('77948984102', '$2a$10$5P9qZIWH0Rn.3cNxzSPqMeYDt4O0veHUXYrtS6Y7EAp50IfuVjuXe', 1),
    ('75115743960', '$2a$10$5P9qZIWH0Rn.3cNxzSPqMeYDt4O0veHUXYrtS6Y7EAp50IfuVjuXe', 1),
    ('78936324811', '$2a$10$5P9qZIWH0Rn.3cNxzSPqMeYDt4O0veHUXYrtS6Y7EAp50IfuVjuXe', 1),
    ('73483786276', '$2a$10$5P9qZIWH0Rn.3cNxzSPqMeYDt4O0veHUXYrtS6Y7EAp50IfuVjuXe', 1),
    ('70585722585', '$2a$10$5P9qZIWH0Rn.3cNxzSPqMeYDt4O0veHUXYrtS6Y7EAp50IfuVjuXe', 1),
    ('70801179455', '$2a$10$5P9qZIWH0Rn.3cNxzSPqMeYDt4O0veHUXYrtS6Y7EAp50IfuVjuXe', 1),
    ('74827492151', '$2a$10$5P9qZIWH0Rn.3cNxzSPqMeYDt4O0veHUXYrtS6Y7EAp50IfuVjuXe', 1),
    ('71194690774', '$2a$10$5P9qZIWH0Rn.3cNxzSPqMeYDt4O0veHUXYrtS6Y7EAp50IfuVjuXe', 1),
    ('76157538200', '$2a$10$5P9qZIWH0Rn.3cNxzSPqMeYDt4O0veHUXYrtS6Y7EAp50IfuVjuXe', 1),
    ('71918150470', '$2a$10$5P9qZIWH0Rn.3cNxzSPqMeYDt4O0veHUXYrtS6Y7EAp50IfuVjuXe', 1),
    ('79223838000', '$2a$10$5P9qZIWH0Rn.3cNxzSPqMeYDt4O0veHUXYrtS6Y7EAp50IfuVjuXe', 1),
    ('73957000525', '$2a$10$5P9qZIWH0Rn.3cNxzSPqMeYDt4O0veHUXYrtS6Y7EAp50IfuVjuXe', 1),
    ('72859616810', '$2a$10$5P9qZIWH0Rn.3cNxzSPqMeYDt4O0veHUXYrtS6Y7EAp50IfuVjuXe', 1),
    ('74579274159', '$2a$10$5P9qZIWH0Rn.3cNxzSPqMeYDt4O0veHUXYrtS6Y7EAp50IfuVjuXe', 1),
    ('75044671790', '$2a$10$5P9qZIWH0Rn.3cNxzSPqMeYDt4O0veHUXYrtS6Y7EAp50IfuVjuXe', 1),
    ('79733083621', '$2a$10$5P9qZIWH0Rn.3cNxzSPqMeYDt4O0veHUXYrtS6Y7EAp50IfuVjuXe', 1),
    ('73949644668', '$2a$10$5P9qZIWH0Rn.3cNxzSPqMeYDt4O0veHUXYrtS6Y7EAp50IfuVjuXe', 1),
    ('79301224062', '$2a$10$5P9qZIWH0Rn.3cNxzSPqMeYDt4O0veHUXYrtS6Y7EAp50IfuVjuXe', 1),
    ('71240247173', '$2a$10$5P9qZIWH0Rn.3cNxzSPqMeYDt4O0veHUXYrtS6Y7EAp50IfuVjuXe', 1),
    ('73888070310', '$2a$10$5P9qZIWH0Rn.3cNxzSPqMeYDt4O0veHUXYrtS6Y7EAp50IfuVjuXe', 1),
    ('71564505279', '$2a$10$5P9qZIWH0Rn.3cNxzSPqMeYDt4O0veHUXYrtS6Y7EAp50IfuVjuXe', 1),
    ('78162389210', '$2a$10$5P9qZIWH0Rn.3cNxzSPqMeYDt4O0veHUXYrtS6Y7EAp50IfuVjuXe', 1),
    ('75163392903', '$2a$10$5P9qZIWH0Rn.3cNxzSPqMeYDt4O0veHUXYrtS6Y7EAp50IfuVjuXe', 1),
    ('72525359592', '$2a$10$5P9qZIWH0Rn.3cNxzSPqMeYDt4O0veHUXYrtS6Y7EAp50IfuVjuXe', 1),
    ('78532681371', '$2a$10$5P9qZIWH0Rn.3cNxzSPqMeYDt4O0veHUXYrtS6Y7EAp50IfuVjuXe', 1),
    ('72924700735', '$2a$10$5P9qZIWH0Rn.3cNxzSPqMeYDt4O0veHUXYrtS6Y7EAp50IfuVjuXe', 1),
    ('76447536347', '$2a$10$5P9qZIWH0Rn.3cNxzSPqMeYDt4O0veHUXYrtS6Y7EAp50IfuVjuXe', 1),
    ('73943074472', '$2a$10$5P9qZIWH0Rn.3cNxzSPqMeYDt4O0veHUXYrtS6Y7EAp50IfuVjuXe', 1),
    ('74661831037', '$2a$10$5P9qZIWH0Rn.3cNxzSPqMeYDt4O0veHUXYrtS6Y7EAp50IfuVjuXe', 1),
    ('78897019464', '$2a$10$5P9qZIWH0Rn.3cNxzSPqMeYDt4O0veHUXYrtS6Y7EAp50IfuVjuXe', 1),
    ('79000386516', '$2a$10$5P9qZIWH0Rn.3cNxzSPqMeYDt4O0veHUXYrtS6Y7EAp50IfuVjuXe', 1),
    ('70025150931', '$2a$10$5P9qZIWH0Rn.3cNxzSPqMeYDt4O0veHUXYrtS6Y7EAp50IfuVjuXe', 1),
    ('79776052513', '$2a$10$5P9qZIWH0Rn.3cNxzSPqMeYDt4O0veHUXYrtS6Y7EAp50IfuVjuXe', 1),
    ('70910229090', '$2a$10$5P9qZIWH0Rn.3cNxzSPqMeYDt4O0veHUXYrtS6Y7EAp50IfuVjuXe', 1),
    ('77114605413', '$2a$10$5P9qZIWH0Rn.3cNxzSPqMeYDt4O0veHUXYrtS6Y7EAp50IfuVjuXe', 1),
    ('75756089520', '$2a$10$5P9qZIWH0Rn.3cNxzSPqMeYDt4O0veHUXYrtS6Y7EAp50IfuVjuXe', 1),
    ('79952902511', '$2a$10$5P9qZIWH0Rn.3cNxzSPqMeYDt4O0veHUXYrtS6Y7EAp50IfuVjuXe', 1),
    ('72540356046', '$2a$10$5P9qZIWH0Rn.3cNxzSPqMeYDt4O0veHUXYrtS6Y7EAp50IfuVjuXe', 1),
    ('73659239916', '$2a$10$5P9qZIWH0Rn.3cNxzSPqMeYDt4O0veHUXYrtS6Y7EAp50IfuVjuXe', 1),
    ('72192236329', '$2a$10$5P9qZIWH0Rn.3cNxzSPqMeYDt4O0veHUXYrtS6Y7EAp50IfuVjuXe', 1),
    ('75735166128', '$2a$10$5P9qZIWH0Rn.3cNxzSPqMeYDt4O0veHUXYrtS6Y7EAp50IfuVjuXe', 1),
    ('75403828912', '$2a$10$5P9qZIWH0Rn.3cNxzSPqMeYDt4O0veHUXYrtS6Y7EAp50IfuVjuXe', 1),
    ('75049810707', '$2a$10$5P9qZIWH0Rn.3cNxzSPqMeYDt4O0veHUXYrtS6Y7EAp50IfuVjuXe', 1),
    ('79407469951', '$2a$10$5P9qZIWH0Rn.3cNxzSPqMeYDt4O0veHUXYrtS6Y7EAp50IfuVjuXe', 1),
    ('74006783020', '$2a$10$5P9qZIWH0Rn.3cNxzSPqMeYDt4O0veHUXYrtS6Y7EAp50IfuVjuXe', 1),
    ('70749780021', '$2a$10$5P9qZIWH0Rn.3cNxzSPqMeYDt4O0veHUXYrtS6Y7EAp50IfuVjuXe', 1),
    ('70529600394', '$2a$10$5P9qZIWH0Rn.3cNxzSPqMeYDt4O0veHUXYrtS6Y7EAp50IfuVjuXe', 1),
    ('74428605124', '$2a$10$5P9qZIWH0Rn.3cNxzSPqMeYDt4O0veHUXYrtS6Y7EAp50IfuVjuXe', 1),
    ('75940330523', '$2a$10$5P9qZIWH0Rn.3cNxzSPqMeYDt4O0veHUXYrtS6Y7EAp50IfuVjuXe', 1),
    ('79281869009', '$2a$10$5P9qZIWH0Rn.3cNxzSPqMeYDt4O0veHUXYrtS6Y7EAp50IfuVjuXe', 1),
    ('75638830696', '$2a$10$5P9qZIWH0Rn.3cNxzSPqMeYDt4O0veHUXYrtS6Y7EAp50IfuVjuXe', 1),
    ('70743027680', '$2a$10$5P9qZIWH0Rn.3cNxzSPqMeYDt4O0veHUXYrtS6Y7EAp50IfuVjuXe', 1),
    ('78136877900', '$2a$10$5P9qZIWH0Rn.3cNxzSPqMeYDt4O0veHUXYrtS6Y7EAp50IfuVjuXe', 1),
    ('72745025794', '$2a$10$5P9qZIWH0Rn.3cNxzSPqMeYDt4O0veHUXYrtS6Y7EAp50IfuVjuXe', 1),
    ('78915642615', '$2a$10$5P9qZIWH0Rn.3cNxzSPqMeYDt4O0veHUXYrtS6Y7EAp50IfuVjuXe', 1),
    ('79625676364', '$2a$10$5P9qZIWH0Rn.3cNxzSPqMeYDt4O0veHUXYrtS6Y7EAp50IfuVjuXe', 1),
    ('71319573859', '$2a$10$5P9qZIWH0Rn.3cNxzSPqMeYDt4O0veHUXYrtS6Y7EAp50IfuVjuXe', 1),
    ('70152378926', '$2a$10$5P9qZIWH0Rn.3cNxzSPqMeYDt4O0veHUXYrtS6Y7EAp50IfuVjuXe', 1),
    ('77140412737', '$2a$10$5P9qZIWH0Rn.3cNxzSPqMeYDt4O0veHUXYrtS6Y7EAp50IfuVjuXe', 1),
    ('77679621182', '$2a$10$5P9qZIWH0Rn.3cNxzSPqMeYDt4O0veHUXYrtS6Y7EAp50IfuVjuXe', 1),
    ('76031388496', '$2a$10$5P9qZIWH0Rn.3cNxzSPqMeYDt4O0veHUXYrtS6Y7EAp50IfuVjuXe', 1),
    ('70374133184', '$2a$10$5P9qZIWH0Rn.3cNxzSPqMeYDt4O0veHUXYrtS6Y7EAp50IfuVjuXe', 1),
    ('74688482362', '$2a$10$5P9qZIWH0Rn.3cNxzSPqMeYDt4O0veHUXYrtS6Y7EAp50IfuVjuXe', 1),
    ('74533446408', '$2a$10$5P9qZIWH0Rn.3cNxzSPqMeYDt4O0veHUXYrtS6Y7EAp50IfuVjuXe', 1),
    ('70166009180', '$2a$10$5P9qZIWH0Rn.3cNxzSPqMeYDt4O0veHUXYrtS6Y7EAp50IfuVjuXe', 1),
    ('75932135379', '$2a$10$5P9qZIWH0Rn.3cNxzSPqMeYDt4O0veHUXYrtS6Y7EAp50IfuVjuXe', 1),
    ('79969879876', '$2a$10$5P9qZIWH0Rn.3cNxzSPqMeYDt4O0veHUXYrtS6Y7EAp50IfuVjuXe', 1),
    ('75339176718', '$2a$10$5P9qZIWH0Rn.3cNxzSPqMeYDt4O0veHUXYrtS6Y7EAp50IfuVjuXe', 1),
    ('70592940260', '$2a$10$5P9qZIWH0Rn.3cNxzSPqMeYDt4O0veHUXYrtS6Y7EAp50IfuVjuXe', 1),
    ('73057295807', '$2a$10$5P9qZIWH0Rn.3cNxzSPqMeYDt4O0veHUXYrtS6Y7EAp50IfuVjuXe', 1),
    ('76787052394', '$2a$10$5P9qZIWH0Rn.3cNxzSPqMeYDt4O0veHUXYrtS6Y7EAp50IfuVjuXe', 1),
    ('71491735521', '$2a$10$5P9qZIWH0Rn.3cNxzSPqMeYDt4O0veHUXYrtS6Y7EAp50IfuVjuXe', 1),
    ('71312062263', '$2a$10$5P9qZIWH0Rn.3cNxzSPqMeYDt4O0veHUXYrtS6Y7EAp50IfuVjuXe', 1),
    ('79533708460', '$2a$10$5P9qZIWH0Rn.3cNxzSPqMeYDt4O0veHUXYrtS6Y7EAp50IfuVjuXe', 1),
    ('75969062771', '$2a$10$5P9qZIWH0Rn.3cNxzSPqMeYDt4O0veHUXYrtS6Y7EAp50IfuVjuXe', 1),
    ('77722038995', '$2a$10$5P9qZIWH0Rn.3cNxzSPqMeYDt4O0veHUXYrtS6Y7EAp50IfuVjuXe', 1),
    ('74768281515', '$2a$10$5P9qZIWH0Rn.3cNxzSPqMeYDt4O0veHUXYrtS6Y7EAp50IfuVjuXe', 1),
    ('77767052208', '$2a$10$5P9qZIWH0Rn.3cNxzSPqMeYDt4O0veHUXYrtS6Y7EAp50IfuVjuXe', 1),
    ('76386193454', '$2a$10$5P9qZIWH0Rn.3cNxzSPqMeYDt4O0veHUXYrtS6Y7EAp50IfuVjuXe', 1),
    ('74152465680', '$2a$10$5P9qZIWH0Rn.3cNxzSPqMeYDt4O0veHUXYrtS6Y7EAp50IfuVjuXe', 1),
    ('72167548426', '$2a$10$5P9qZIWH0Rn.3cNxzSPqMeYDt4O0veHUXYrtS6Y7EAp50IfuVjuXe', 1),
    ('70872094990', '$2a$10$5P9qZIWH0Rn.3cNxzSPqMeYDt4O0veHUXYrtS6Y7EAp50IfuVjuXe', 1),
    ('70740932244', '$2a$10$5P9qZIWH0Rn.3cNxzSPqMeYDt4O0veHUXYrtS6Y7EAp50IfuVjuXe', 1),
    ('74365502107', '$2a$10$5P9qZIWH0Rn.3cNxzSPqMeYDt4O0veHUXYrtS6Y7EAp50IfuVjuXe', 1),
    ('74970153652', '$2a$10$5P9qZIWH0Rn.3cNxzSPqMeYDt4O0veHUXYrtS6Y7EAp50IfuVjuXe', 1),
    ('74223628099', '$2a$10$5P9qZIWH0Rn.3cNxzSPqMeYDt4O0veHUXYrtS6Y7EAp50IfuVjuXe', 1),
    ('77447481849', '$2a$10$5P9qZIWH0Rn.3cNxzSPqMeYDt4O0veHUXYrtS6Y7EAp50IfuVjuXe', 1),
    ('70748900048', '$2a$10$5P9qZIWH0Rn.3cNxzSPqMeYDt4O0veHUXYrtS6Y7EAp50IfuVjuXe', 1),
    ('77887087848', '$2a$10$5P9qZIWH0Rn.3cNxzSPqMeYDt4O0veHUXYrtS6Y7EAp50IfuVjuXe', 1),
    ('77991770667', '$2a$10$5P9qZIWH0Rn.3cNxzSPqMeYDt4O0veHUXYrtS6Y7EAp50IfuVjuXe', 1),
    ('73124610283', '$2a$10$5P9qZIWH0Rn.3cNxzSPqMeYDt4O0veHUXYrtS6Y7EAp50IfuVjuXe', 1),
    ('72929887053', '$2a$10$5P9qZIWH0Rn.3cNxzSPqMeYDt4O0veHUXYrtS6Y7EAp50IfuVjuXe', 1),
    ('78697542813', '$2a$10$5P9qZIWH0Rn.3cNxzSPqMeYDt4O0veHUXYrtS6Y7EAp50IfuVjuXe', 1),
    ('75964799569', '$2a$10$5P9qZIWH0Rn.3cNxzSPqMeYDt4O0veHUXYrtS6Y7EAp50IfuVjuXe', 1),
    ('75751836917', '$2a$10$5P9qZIWH0Rn.3cNxzSPqMeYDt4O0veHUXYrtS6Y7EAp50IfuVjuXe', 1),
    ('70352249166', '$2a$10$5P9qZIWH0Rn.3cNxzSPqMeYDt4O0veHUXYrtS6Y7EAp50IfuVjuXe', 1),
    ('72375608424', '$2a$10$5P9qZIWH0Rn.3cNxzSPqMeYDt4O0veHUXYrtS6Y7EAp50IfuVjuXe', 1),
    ('75038287086', '$2a$10$5P9qZIWH0Rn.3cNxzSPqMeYDt4O0veHUXYrtS6Y7EAp50IfuVjuXe', 1),
    ('70031853707', '$2a$10$5P9qZIWH0Rn.3cNxzSPqMeYDt4O0veHUXYrtS6Y7EAp50IfuVjuXe', 1),
    ('70547415785', '$2a$10$5P9qZIWH0Rn.3cNxzSPqMeYDt4O0veHUXYrtS6Y7EAp50IfuVjuXe', 1),
    ('75621091509', '$2a$10$5P9qZIWH0Rn.3cNxzSPqMeYDt4O0veHUXYrtS6Y7EAp50IfuVjuXe', 1),
    ('73771676910', '$2a$10$5P9qZIWH0Rn.3cNxzSPqMeYDt4O0veHUXYrtS6Y7EAp50IfuVjuXe', 1),
    ('79149567734', '$2a$10$5P9qZIWH0Rn.3cNxzSPqMeYDt4O0veHUXYrtS6Y7EAp50IfuVjuXe', 1),
    ('76602558196', '$2a$10$5P9qZIWH0Rn.3cNxzSPqMeYDt4O0veHUXYrtS6Y7EAp50IfuVjuXe', 1),
    ('76620586407', '$2a$10$5P9qZIWH0Rn.3cNxzSPqMeYDt4O0veHUXYrtS6Y7EAp50IfuVjuXe', 1),
    ('79638049254', '$2a$10$5P9qZIWH0Rn.3cNxzSPqMeYDt4O0veHUXYrtS6Y7EAp50IfuVjuXe', 1),
    ('78085611370', '$2a$10$5P9qZIWH0Rn.3cNxzSPqMeYDt4O0veHUXYrtS6Y7EAp50IfuVjuXe', 1),
    ('73330472688', '$2a$10$5P9qZIWH0Rn.3cNxzSPqMeYDt4O0veHUXYrtS6Y7EAp50IfuVjuXe', 1),
    ('75831260649', '$2a$10$5P9qZIWH0Rn.3cNxzSPqMeYDt4O0veHUXYrtS6Y7EAp50IfuVjuXe', 1),
    ('75806571178', '$2a$10$5P9qZIWH0Rn.3cNxzSPqMeYDt4O0veHUXYrtS6Y7EAp50IfuVjuXe', 1),
    ('78995309134', '$2a$10$5P9qZIWH0Rn.3cNxzSPqMeYDt4O0veHUXYrtS6Y7EAp50IfuVjuXe', 1),
    ('71983016873', '$2a$10$5P9qZIWH0Rn.3cNxzSPqMeYDt4O0veHUXYrtS6Y7EAp50IfuVjuXe', 1),
    ('77328436806', '$2a$10$5P9qZIWH0Rn.3cNxzSPqMeYDt4O0veHUXYrtS6Y7EAp50IfuVjuXe', 1),
    ('70287323395', '$2a$10$5P9qZIWH0Rn.3cNxzSPqMeYDt4O0veHUXYrtS6Y7EAp50IfuVjuXe', 1),
    ('74188075782', '$2a$10$5P9qZIWH0Rn.3cNxzSPqMeYDt4O0veHUXYrtS6Y7EAp50IfuVjuXe', 1),
    ('73228328817', '$2a$10$5P9qZIWH0Rn.3cNxzSPqMeYDt4O0veHUXYrtS6Y7EAp50IfuVjuXe', 1),
    ('78306094218', '$2a$10$5P9qZIWH0Rn.3cNxzSPqMeYDt4O0veHUXYrtS6Y7EAp50IfuVjuXe', 1),
    ('77239506807', '$2a$10$5P9qZIWH0Rn.3cNxzSPqMeYDt4O0veHUXYrtS6Y7EAp50IfuVjuXe', 1),
    ('70648062593', '$2a$10$5P9qZIWH0Rn.3cNxzSPqMeYDt4O0veHUXYrtS6Y7EAp50IfuVjuXe', 1),
    ('72725908869', '$2a$10$5P9qZIWH0Rn.3cNxzSPqMeYDt4O0veHUXYrtS6Y7EAp50IfuVjuXe', 1),
    ('77607632370', '$2a$10$5P9qZIWH0Rn.3cNxzSPqMeYDt4O0veHUXYrtS6Y7EAp50IfuVjuXe', 1),
    ('71069736186', '$2a$10$5P9qZIWH0Rn.3cNxzSPqMeYDt4O0veHUXYrtS6Y7EAp50IfuVjuXe', 1),
    ('75958416526', '$2a$10$5P9qZIWH0Rn.3cNxzSPqMeYDt4O0veHUXYrtS6Y7EAp50IfuVjuXe', 1),
    ('72510663677', '$2a$10$5P9qZIWH0Rn.3cNxzSPqMeYDt4O0veHUXYrtS6Y7EAp50IfuVjuXe', 1),
    ('79453599030', '$2a$10$5P9qZIWH0Rn.3cNxzSPqMeYDt4O0veHUXYrtS6Y7EAp50IfuVjuXe', 1),
    ('78359349313', '$2a$10$5P9qZIWH0Rn.3cNxzSPqMeYDt4O0veHUXYrtS6Y7EAp50IfuVjuXe', 1),
    ('76934047486', '$2a$10$5P9qZIWH0Rn.3cNxzSPqMeYDt4O0veHUXYrtS6Y7EAp50IfuVjuXe', 1),
    ('76602648456', '$2a$10$5P9qZIWH0Rn.3cNxzSPqMeYDt4O0veHUXYrtS6Y7EAp50IfuVjuXe', 1),
    ('78986256203', '$2a$10$5P9qZIWH0Rn.3cNxzSPqMeYDt4O0veHUXYrtS6Y7EAp50IfuVjuXe', 1),
    ('79094131223', '$2a$10$5P9qZIWH0Rn.3cNxzSPqMeYDt4O0veHUXYrtS6Y7EAp50IfuVjuXe', 1),
    ('76985110810', '$2a$10$5P9qZIWH0Rn.3cNxzSPqMeYDt4O0veHUXYrtS6Y7EAp50IfuVjuXe', 1),
    ('74562582008', '$2a$10$5P9qZIWH0Rn.3cNxzSPqMeYDt4O0veHUXYrtS6Y7EAp50IfuVjuXe', 1),
    ('72774120032', '$2a$10$5P9qZIWH0Rn.3cNxzSPqMeYDt4O0veHUXYrtS6Y7EAp50IfuVjuXe', 1),
    ('71715852090', '$2a$10$5P9qZIWH0Rn.3cNxzSPqMeYDt4O0veHUXYrtS6Y7EAp50IfuVjuXe', 1),
    ('76901214819', '$2a$10$5P9qZIWH0Rn.3cNxzSPqMeYDt4O0veHUXYrtS6Y7EAp50IfuVjuXe', 1),
    ('78138956369', '$2a$10$5P9qZIWH0Rn.3cNxzSPqMeYDt4O0veHUXYrtS6Y7EAp50IfuVjuXe', 1),
    ('78261923721', '$2a$10$5P9qZIWH0Rn.3cNxzSPqMeYDt4O0veHUXYrtS6Y7EAp50IfuVjuXe', 1),
    ('71322446989', '$2a$10$5P9qZIWH0Rn.3cNxzSPqMeYDt4O0veHUXYrtS6Y7EAp50IfuVjuXe', 1),
    ('77521350446', '$2a$10$5P9qZIWH0Rn.3cNxzSPqMeYDt4O0veHUXYrtS6Y7EAp50IfuVjuXe', 1),
    ('72571999668', '$2a$10$5P9qZIWH0Rn.3cNxzSPqMeYDt4O0veHUXYrtS6Y7EAp50IfuVjuXe', 1),
    ('78539772936', '$2a$10$5P9qZIWH0Rn.3cNxzSPqMeYDt4O0veHUXYrtS6Y7EAp50IfuVjuXe', 1),
    ('77371259446', '$2a$10$5P9qZIWH0Rn.3cNxzSPqMeYDt4O0veHUXYrtS6Y7EAp50IfuVjuXe', 1),
    ('73732580418', '$2a$10$5P9qZIWH0Rn.3cNxzSPqMeYDt4O0veHUXYrtS6Y7EAp50IfuVjuXe', 1),
    ('76963166472', '$2a$10$5P9qZIWH0Rn.3cNxzSPqMeYDt4O0veHUXYrtS6Y7EAp50IfuVjuXe', 1),
    ('73328607419', '$2a$10$5P9qZIWH0Rn.3cNxzSPqMeYDt4O0veHUXYrtS6Y7EAp50IfuVjuXe', 1),
    ('74684009081', '$2a$10$5P9qZIWH0Rn.3cNxzSPqMeYDt4O0veHUXYrtS6Y7EAp50IfuVjuXe', 1),
    ('71458606923', '$2a$10$5P9qZIWH0Rn.3cNxzSPqMeYDt4O0veHUXYrtS6Y7EAp50IfuVjuXe', 1),
    ('71639986201', '$2a$10$5P9qZIWH0Rn.3cNxzSPqMeYDt4O0veHUXYrtS6Y7EAp50IfuVjuXe', 1),
    ('78105928161', '$2a$10$5P9qZIWH0Rn.3cNxzSPqMeYDt4O0veHUXYrtS6Y7EAp50IfuVjuXe', 1),
    ('76435503296', '$2a$10$5P9qZIWH0Rn.3cNxzSPqMeYDt4O0veHUXYrtS6Y7EAp50IfuVjuXe', 1),
    ('74669919112', '$2a$10$5P9qZIWH0Rn.3cNxzSPqMeYDt4O0veHUXYrtS6Y7EAp50IfuVjuXe', 1),
    ('75786234860', '$2a$10$5P9qZIWH0Rn.3cNxzSPqMeYDt4O0veHUXYrtS6Y7EAp50IfuVjuXe', 1),
    ('73103449238', '$2a$10$5P9qZIWH0Rn.3cNxzSPqMeYDt4O0veHUXYrtS6Y7EAp50IfuVjuXe', 1),
    ('76168680368', '$2a$10$5P9qZIWH0Rn.3cNxzSPqMeYDt4O0veHUXYrtS6Y7EAp50IfuVjuXe', 1),
    ('77923274040', '$2a$10$5P9qZIWH0Rn.3cNxzSPqMeYDt4O0veHUXYrtS6Y7EAp50IfuVjuXe', 1),
    ('71706730578', '$2a$10$5P9qZIWH0Rn.3cNxzSPqMeYDt4O0veHUXYrtS6Y7EAp50IfuVjuXe', 1),
    ('79336846189', '$2a$10$5P9qZIWH0Rn.3cNxzSPqMeYDt4O0veHUXYrtS6Y7EAp50IfuVjuXe', 1),
    ('71771648240', '$2a$10$5P9qZIWH0Rn.3cNxzSPqMeYDt4O0veHUXYrtS6Y7EAp50IfuVjuXe', 1),
    ('75630441043', '$2a$10$5P9qZIWH0Rn.3cNxzSPqMeYDt4O0veHUXYrtS6Y7EAp50IfuVjuXe', 1),
    ('72452281693', '$2a$10$5P9qZIWH0Rn.3cNxzSPqMeYDt4O0veHUXYrtS6Y7EAp50IfuVjuXe', 1),
    ('71632882622', '$2a$10$5P9qZIWH0Rn.3cNxzSPqMeYDt4O0veHUXYrtS6Y7EAp50IfuVjuXe', 1),
    ('76591235427', '$2a$10$5P9qZIWH0Rn.3cNxzSPqMeYDt4O0veHUXYrtS6Y7EAp50IfuVjuXe', 1),
    ('75867233576', '$2a$10$5P9qZIWH0Rn.3cNxzSPqMeYDt4O0veHUXYrtS6Y7EAp50IfuVjuXe', 1),
    ('79722331276', '$2a$10$5P9qZIWH0Rn.3cNxzSPqMeYDt4O0veHUXYrtS6Y7EAp50IfuVjuXe', 1),
    ('70036060835', '$2a$10$5P9qZIWH0Rn.3cNxzSPqMeYDt4O0veHUXYrtS6Y7EAp50IfuVjuXe', 1),
    ('74269634057', '$2a$10$5P9qZIWH0Rn.3cNxzSPqMeYDt4O0veHUXYrtS6Y7EAp50IfuVjuXe', 1),
    ('77553897655', '$2a$10$5P9qZIWH0Rn.3cNxzSPqMeYDt4O0veHUXYrtS6Y7EAp50IfuVjuXe', 1),
    ('73491237180', '$2a$10$5P9qZIWH0Rn.3cNxzSPqMeYDt4O0veHUXYrtS6Y7EAp50IfuVjuXe', 1),
    ('75408497058', '$2a$10$5P9qZIWH0Rn.3cNxzSPqMeYDt4O0veHUXYrtS6Y7EAp50IfuVjuXe', 1),
    ('72561125067', '$2a$10$5P9qZIWH0Rn.3cNxzSPqMeYDt4O0veHUXYrtS6Y7EAp50IfuVjuXe', 1),
    ('78879540477', '$2a$10$5P9qZIWH0Rn.3cNxzSPqMeYDt4O0veHUXYrtS6Y7EAp50IfuVjuXe', 1),
    ('78722756870', '$2a$10$5P9qZIWH0Rn.3cNxzSPqMeYDt4O0veHUXYrtS6Y7EAp50IfuVjuXe', 1),
    ('71233721299', '$2a$10$5P9qZIWH0Rn.3cNxzSPqMeYDt4O0veHUXYrtS6Y7EAp50IfuVjuXe', 1),
    ('70364660118', '$2a$10$5P9qZIWH0Rn.3cNxzSPqMeYDt4O0veHUXYrtS6Y7EAp50IfuVjuXe', 1),
    ('79685381764', '$2a$10$5P9qZIWH0Rn.3cNxzSPqMeYDt4O0veHUXYrtS6Y7EAp50IfuVjuXe', 1),
    ('74191819307', '$2a$10$5P9qZIWH0Rn.3cNxzSPqMeYDt4O0veHUXYrtS6Y7EAp50IfuVjuXe', 1),
    ('74143665649', '$2a$10$5P9qZIWH0Rn.3cNxzSPqMeYDt4O0veHUXYrtS6Y7EAp50IfuVjuXe', 1),
    ('71471434007', '$2a$10$5P9qZIWH0Rn.3cNxzSPqMeYDt4O0veHUXYrtS6Y7EAp50IfuVjuXe', 1),
    ('78984699181', '$2a$10$5P9qZIWH0Rn.3cNxzSPqMeYDt4O0veHUXYrtS6Y7EAp50IfuVjuXe', 1),
    ('75506439392', '$2a$10$5P9qZIWH0Rn.3cNxzSPqMeYDt4O0veHUXYrtS6Y7EAp50IfuVjuXe', 1),
    ('72198735146', '$2a$10$5P9qZIWH0Rn.3cNxzSPqMeYDt4O0veHUXYrtS6Y7EAp50IfuVjuXe', 1),
    ('72891719414', '$2a$10$5P9qZIWH0Rn.3cNxzSPqMeYDt4O0veHUXYrtS6Y7EAp50IfuVjuXe', 1),
    ('75364948092', '$2a$10$5P9qZIWH0Rn.3cNxzSPqMeYDt4O0veHUXYrtS6Y7EAp50IfuVjuXe', 1),
    ('73176782776', '$2a$10$5P9qZIWH0Rn.3cNxzSPqMeYDt4O0veHUXYrtS6Y7EAp50IfuVjuXe', 1),
    ('71367324978', '$2a$10$5P9qZIWH0Rn.3cNxzSPqMeYDt4O0veHUXYrtS6Y7EAp50IfuVjuXe', 1),
    ('77493517268', '$2a$10$5P9qZIWH0Rn.3cNxzSPqMeYDt4O0veHUXYrtS6Y7EAp50IfuVjuXe', 1),
    ('72426810844', '$2a$10$5P9qZIWH0Rn.3cNxzSPqMeYDt4O0veHUXYrtS6Y7EAp50IfuVjuXe', 1),
    ('78893277844', '$2a$10$5P9qZIWH0Rn.3cNxzSPqMeYDt4O0veHUXYrtS6Y7EAp50IfuVjuXe', 1),
    ('72713667081', '$2a$10$5P9qZIWH0Rn.3cNxzSPqMeYDt4O0veHUXYrtS6Y7EAp50IfuVjuXe', 1),
    ('79356438973', '$2a$10$5P9qZIWH0Rn.3cNxzSPqMeYDt4O0veHUXYrtS6Y7EAp50IfuVjuXe', 1),
    ('77799584629', '$2a$10$5P9qZIWH0Rn.3cNxzSPqMeYDt4O0veHUXYrtS6Y7EAp50IfuVjuXe', 1),
    ('77076815211', '$2a$10$5P9qZIWH0Rn.3cNxzSPqMeYDt4O0veHUXYrtS6Y7EAp50IfuVjuXe', 1),
    ('78381244618', '$2a$10$5P9qZIWH0Rn.3cNxzSPqMeYDt4O0veHUXYrtS6Y7EAp50IfuVjuXe', 1),
    ('76300125246', '$2a$10$5P9qZIWH0Rn.3cNxzSPqMeYDt4O0veHUXYrtS6Y7EAp50IfuVjuXe', 1),
    ('78207602734', '$2a$10$5P9qZIWH0Rn.3cNxzSPqMeYDt4O0veHUXYrtS6Y7EAp50IfuVjuXe', 1),
    ('76178665355', '$2a$10$5P9qZIWH0Rn.3cNxzSPqMeYDt4O0veHUXYrtS6Y7EAp50IfuVjuXe', 1),
    ('77355976777', '$2a$10$5P9qZIWH0Rn.3cNxzSPqMeYDt4O0veHUXYrtS6Y7EAp50IfuVjuXe', 1),
    ('77696684359', '$2a$10$5P9qZIWH0Rn.3cNxzSPqMeYDt4O0veHUXYrtS6Y7EAp50IfuVjuXe', 1),
    ('78468552661', '$2a$10$5P9qZIWH0Rn.3cNxzSPqMeYDt4O0veHUXYrtS6Y7EAp50IfuVjuXe', 1),
    ('73941189088', '$2a$10$5P9qZIWH0Rn.3cNxzSPqMeYDt4O0veHUXYrtS6Y7EAp50IfuVjuXe', 1),
    ('76414408091', '$2a$10$5P9qZIWH0Rn.3cNxzSPqMeYDt4O0veHUXYrtS6Y7EAp50IfuVjuXe', 1),
    ('71551616157', '$2a$10$5P9qZIWH0Rn.3cNxzSPqMeYDt4O0veHUXYrtS6Y7EAp50IfuVjuXe', 1),
    ('73384836393', '$2a$10$5P9qZIWH0Rn.3cNxzSPqMeYDt4O0veHUXYrtS6Y7EAp50IfuVjuXe', 1),
    ('74757175060', '$2a$10$5P9qZIWH0Rn.3cNxzSPqMeYDt4O0veHUXYrtS6Y7EAp50IfuVjuXe', 1),
    ('71419781968', '$2a$10$5P9qZIWH0Rn.3cNxzSPqMeYDt4O0veHUXYrtS6Y7EAp50IfuVjuXe', 1),
    ('75048142688', '$2a$10$5P9qZIWH0Rn.3cNxzSPqMeYDt4O0veHUXYrtS6Y7EAp50IfuVjuXe', 1),
    ('73373615168', '$2a$10$5P9qZIWH0Rn.3cNxzSPqMeYDt4O0veHUXYrtS6Y7EAp50IfuVjuXe', 1),
    ('71851090907', '$2a$10$5P9qZIWH0Rn.3cNxzSPqMeYDt4O0veHUXYrtS6Y7EAp50IfuVjuXe', 1),
    ('79405271669', '$2a$10$5P9qZIWH0Rn.3cNxzSPqMeYDt4O0veHUXYrtS6Y7EAp50IfuVjuXe', 1),
    ('79346952391', '$2a$10$5P9qZIWH0Rn.3cNxzSPqMeYDt4O0veHUXYrtS6Y7EAp50IfuVjuXe', 1),
    ('71966722706', '$2a$10$5P9qZIWH0Rn.3cNxzSPqMeYDt4O0veHUXYrtS6Y7EAp50IfuVjuXe', 1),
    ('73548233804', '$2a$10$5P9qZIWH0Rn.3cNxzSPqMeYDt4O0veHUXYrtS6Y7EAp50IfuVjuXe', 1),
    ('71599471602', '$2a$10$5P9qZIWH0Rn.3cNxzSPqMeYDt4O0veHUXYrtS6Y7EAp50IfuVjuXe', 1),
    ('78402315966', '$2a$10$5P9qZIWH0Rn.3cNxzSPqMeYDt4O0veHUXYrtS6Y7EAp50IfuVjuXe', 1),
    ('73995008178', '$2a$10$5P9qZIWH0Rn.3cNxzSPqMeYDt4O0veHUXYrtS6Y7EAp50IfuVjuXe', 1),
    ('70293107792', '$2a$10$5P9qZIWH0Rn.3cNxzSPqMeYDt4O0veHUXYrtS6Y7EAp50IfuVjuXe', 1),
    ('72375236367', '$2a$10$5P9qZIWH0Rn.3cNxzSPqMeYDt4O0veHUXYrtS6Y7EAp50IfuVjuXe', 1),
    ('77615739495', '$2a$10$5P9qZIWH0Rn.3cNxzSPqMeYDt4O0veHUXYrtS6Y7EAp50IfuVjuXe', 1),
    ('78358878763', '$2a$10$5P9qZIWH0Rn.3cNxzSPqMeYDt4O0veHUXYrtS6Y7EAp50IfuVjuXe', 1),
    ('75617632094', '$2a$10$5P9qZIWH0Rn.3cNxzSPqMeYDt4O0veHUXYrtS6Y7EAp50IfuVjuXe', 1),
    ('76903218478', '$2a$10$5P9qZIWH0Rn.3cNxzSPqMeYDt4O0veHUXYrtS6Y7EAp50IfuVjuXe', 1),
    ('74131243969', '$2a$10$5P9qZIWH0Rn.3cNxzSPqMeYDt4O0veHUXYrtS6Y7EAp50IfuVjuXe', 1),
    ('78097012114', '$2a$10$5P9qZIWH0Rn.3cNxzSPqMeYDt4O0veHUXYrtS6Y7EAp50IfuVjuXe', 1),
    ('72374785835', '$2a$10$5P9qZIWH0Rn.3cNxzSPqMeYDt4O0veHUXYrtS6Y7EAp50IfuVjuXe', 1),
    ('79915360663', '$2a$10$5P9qZIWH0Rn.3cNxzSPqMeYDt4O0veHUXYrtS6Y7EAp50IfuVjuXe', 1),
    ('72427405763', '$2a$10$5P9qZIWH0Rn.3cNxzSPqMeYDt4O0veHUXYrtS6Y7EAp50IfuVjuXe', 1),
    ('71081106767', '$2a$10$5P9qZIWH0Rn.3cNxzSPqMeYDt4O0veHUXYrtS6Y7EAp50IfuVjuXe', 1),
    ('72263360986', '$2a$10$5P9qZIWH0Rn.3cNxzSPqMeYDt4O0veHUXYrtS6Y7EAp50IfuVjuXe', 1),
    ('79860632732', '$2a$10$5P9qZIWH0Rn.3cNxzSPqMeYDt4O0veHUXYrtS6Y7EAp50IfuVjuXe', 1),
    ('70666305543', '$2a$10$5P9qZIWH0Rn.3cNxzSPqMeYDt4O0veHUXYrtS6Y7EAp50IfuVjuXe', 1),
    ('78952790340', '$2a$10$5P9qZIWH0Rn.3cNxzSPqMeYDt4O0veHUXYrtS6Y7EAp50IfuVjuXe', 1),
    ('78580268544', '$2a$10$5P9qZIWH0Rn.3cNxzSPqMeYDt4O0veHUXYrtS6Y7EAp50IfuVjuXe', 1),
    ('79781009023', '$2a$10$5P9qZIWH0Rn.3cNxzSPqMeYDt4O0veHUXYrtS6Y7EAp50IfuVjuXe', 1),
    ('77244766089', '$2a$10$5P9qZIWH0Rn.3cNxzSPqMeYDt4O0veHUXYrtS6Y7EAp50IfuVjuXe', 1),
    ('77903720982', '$2a$10$5P9qZIWH0Rn.3cNxzSPqMeYDt4O0veHUXYrtS6Y7EAp50IfuVjuXe', 1),
    ('70487128267', '$2a$10$5P9qZIWH0Rn.3cNxzSPqMeYDt4O0veHUXYrtS6Y7EAp50IfuVjuXe', 1),
    ('70616604857', '$2a$10$5P9qZIWH0Rn.3cNxzSPqMeYDt4O0veHUXYrtS6Y7EAp50IfuVjuXe', 1),
    ('77963039355', '$2a$10$5P9qZIWH0Rn.3cNxzSPqMeYDt4O0veHUXYrtS6Y7EAp50IfuVjuXe', 1),
    ('72360258134', '$2a$10$5P9qZIWH0Rn.3cNxzSPqMeYDt4O0veHUXYrtS6Y7EAp50IfuVjuXe', 1),
    ('70241160299', '$2a$10$5P9qZIWH0Rn.3cNxzSPqMeYDt4O0veHUXYrtS6Y7EAp50IfuVjuXe', 1),
    ('73367911478', '$2a$10$5P9qZIWH0Rn.3cNxzSPqMeYDt4O0veHUXYrtS6Y7EAp50IfuVjuXe', 1),
    ('79440674462', '$2a$10$5P9qZIWH0Rn.3cNxzSPqMeYDt4O0veHUXYrtS6Y7EAp50IfuVjuXe', 1),
    ('79230861755', '$2a$10$5P9qZIWH0Rn.3cNxzSPqMeYDt4O0veHUXYrtS6Y7EAp50IfuVjuXe', 1),
    ('78738544663', '$2a$10$5P9qZIWH0Rn.3cNxzSPqMeYDt4O0veHUXYrtS6Y7EAp50IfuVjuXe', 1),
    ('78787241306', '$2a$10$5P9qZIWH0Rn.3cNxzSPqMeYDt4O0veHUXYrtS6Y7EAp50IfuVjuXe', 1),
    ('73102108878', '$2a$10$5P9qZIWH0Rn.3cNxzSPqMeYDt4O0veHUXYrtS6Y7EAp50IfuVjuXe', 1),
    ('79955094602', '$2a$10$5P9qZIWH0Rn.3cNxzSPqMeYDt4O0veHUXYrtS6Y7EAp50IfuVjuXe', 1),
    ('71239127898', '$2a$10$5P9qZIWH0Rn.3cNxzSPqMeYDt4O0veHUXYrtS6Y7EAp50IfuVjuXe', 1),
    ('77951455525', '$2a$10$5P9qZIWH0Rn.3cNxzSPqMeYDt4O0veHUXYrtS6Y7EAp50IfuVjuXe', 1),
    ('78132808157', '$2a$10$5P9qZIWH0Rn.3cNxzSPqMeYDt4O0veHUXYrtS6Y7EAp50IfuVjuXe', 1),
    ('76446496517', '$2a$10$5P9qZIWH0Rn.3cNxzSPqMeYDt4O0veHUXYrtS6Y7EAp50IfuVjuXe', 1),
    ('72939500952', '$2a$10$5P9qZIWH0Rn.3cNxzSPqMeYDt4O0veHUXYrtS6Y7EAp50IfuVjuXe', 1),
    ('71073746081', '$2a$10$5P9qZIWH0Rn.3cNxzSPqMeYDt4O0veHUXYrtS6Y7EAp50IfuVjuXe', 1),
    ('72016214121', '$2a$10$5P9qZIWH0Rn.3cNxzSPqMeYDt4O0veHUXYrtS6Y7EAp50IfuVjuXe', 1),
    ('75313547044', '$2a$10$5P9qZIWH0Rn.3cNxzSPqMeYDt4O0veHUXYrtS6Y7EAp50IfuVjuXe', 1),
    ('70420774627', '$2a$10$5P9qZIWH0Rn.3cNxzSPqMeYDt4O0veHUXYrtS6Y7EAp50IfuVjuXe', 1),
    ('74609607530', '$2a$10$5P9qZIWH0Rn.3cNxzSPqMeYDt4O0veHUXYrtS6Y7EAp50IfuVjuXe', 1),
    ('76649243064', '$2a$10$5P9qZIWH0Rn.3cNxzSPqMeYDt4O0veHUXYrtS6Y7EAp50IfuVjuXe', 1),
    ('72895866114', '$2a$10$5P9qZIWH0Rn.3cNxzSPqMeYDt4O0veHUXYrtS6Y7EAp50IfuVjuXe', 1),
    ('72967140935', '$2a$10$5P9qZIWH0Rn.3cNxzSPqMeYDt4O0veHUXYrtS6Y7EAp50IfuVjuXe', 1),
    ('71300791309', '$2a$10$5P9qZIWH0Rn.3cNxzSPqMeYDt4O0veHUXYrtS6Y7EAp50IfuVjuXe', 1),
    ('76214410886', '$2a$10$5P9qZIWH0Rn.3cNxzSPqMeYDt4O0veHUXYrtS6Y7EAp50IfuVjuXe', 1),
    ('73207256643', '$2a$10$5P9qZIWH0Rn.3cNxzSPqMeYDt4O0veHUXYrtS6Y7EAp50IfuVjuXe', 1),
    ('77754785252', '$2a$10$5P9qZIWH0Rn.3cNxzSPqMeYDt4O0veHUXYrtS6Y7EAp50IfuVjuXe', 1),
    ('77426985200', '$2a$10$5P9qZIWH0Rn.3cNxzSPqMeYDt4O0veHUXYrtS6Y7EAp50IfuVjuXe', 1),
    ('72593019936', '$2a$10$5P9qZIWH0Rn.3cNxzSPqMeYDt4O0veHUXYrtS6Y7EAp50IfuVjuXe', 1),
    ('77702054968', '$2a$10$5P9qZIWH0Rn.3cNxzSPqMeYDt4O0veHUXYrtS6Y7EAp50IfuVjuXe', 1),
    ('72228692717', '$2a$10$5P9qZIWH0Rn.3cNxzSPqMeYDt4O0veHUXYrtS6Y7EAp50IfuVjuXe', 1),
    ('75944469446', '$2a$10$5P9qZIWH0Rn.3cNxzSPqMeYDt4O0veHUXYrtS6Y7EAp50IfuVjuXe', 1),
    ('78098862566', '$2a$10$5P9qZIWH0Rn.3cNxzSPqMeYDt4O0veHUXYrtS6Y7EAp50IfuVjuXe', 1),
    ('70860632658', '$2a$10$5P9qZIWH0Rn.3cNxzSPqMeYDt4O0veHUXYrtS6Y7EAp50IfuVjuXe', 1),
    ('78518290964', '$2a$10$5P9qZIWH0Rn.3cNxzSPqMeYDt4O0veHUXYrtS6Y7EAp50IfuVjuXe', 1),
    ('72209752403', '$2a$10$5P9qZIWH0Rn.3cNxzSPqMeYDt4O0veHUXYrtS6Y7EAp50IfuVjuXe', 1),
    ('71699099516', '$2a$10$5P9qZIWH0Rn.3cNxzSPqMeYDt4O0veHUXYrtS6Y7EAp50IfuVjuXe', 1),
    ('70268686983', '$2a$10$5P9qZIWH0Rn.3cNxzSPqMeYDt4O0veHUXYrtS6Y7EAp50IfuVjuXe', 1),
    ('73133384193', '$2a$10$5P9qZIWH0Rn.3cNxzSPqMeYDt4O0veHUXYrtS6Y7EAp50IfuVjuXe', 1),
    ('74974483869', '$2a$10$5P9qZIWH0Rn.3cNxzSPqMeYDt4O0veHUXYrtS6Y7EAp50IfuVjuXe', 1),
    ('79266021248', '$2a$10$5P9qZIWH0Rn.3cNxzSPqMeYDt4O0veHUXYrtS6Y7EAp50IfuVjuXe', 1),
    ('73121923788', '$2a$10$5P9qZIWH0Rn.3cNxzSPqMeYDt4O0veHUXYrtS6Y7EAp50IfuVjuXe', 1),
    ('78750945262', '$2a$10$5P9qZIWH0Rn.3cNxzSPqMeYDt4O0veHUXYrtS6Y7EAp50IfuVjuXe', 1),
    ('76378351032', '$2a$10$5P9qZIWH0Rn.3cNxzSPqMeYDt4O0veHUXYrtS6Y7EAp50IfuVjuXe', 1),
    ('72532138535', '$2a$10$5P9qZIWH0Rn.3cNxzSPqMeYDt4O0veHUXYrtS6Y7EAp50IfuVjuXe', 1),
    ('77523294035', '$2a$10$5P9qZIWH0Rn.3cNxzSPqMeYDt4O0veHUXYrtS6Y7EAp50IfuVjuXe', 1),
    ('74310192506', '$2a$10$5P9qZIWH0Rn.3cNxzSPqMeYDt4O0veHUXYrtS6Y7EAp50IfuVjuXe', 1),
    ('70878307123', '$2a$10$5P9qZIWH0Rn.3cNxzSPqMeYDt4O0veHUXYrtS6Y7EAp50IfuVjuXe', 1),
    ('72818332882', '$2a$10$5P9qZIWH0Rn.3cNxzSPqMeYDt4O0veHUXYrtS6Y7EAp50IfuVjuXe', 1),
    ('78345880966', '$2a$10$5P9qZIWH0Rn.3cNxzSPqMeYDt4O0veHUXYrtS6Y7EAp50IfuVjuXe', 1),
    ('75313998685', '$2a$10$5P9qZIWH0Rn.3cNxzSPqMeYDt4O0veHUXYrtS6Y7EAp50IfuVjuXe', 1),
    ('77140192721', '$2a$10$5P9qZIWH0Rn.3cNxzSPqMeYDt4O0veHUXYrtS6Y7EAp50IfuVjuXe', 1),
    ('76965322362', '$2a$10$5P9qZIWH0Rn.3cNxzSPqMeYDt4O0veHUXYrtS6Y7EAp50IfuVjuXe', 1),
    ('72345973463', '$2a$10$5P9qZIWH0Rn.3cNxzSPqMeYDt4O0veHUXYrtS6Y7EAp50IfuVjuXe', 1),
    ('74700631026', '$2a$10$5P9qZIWH0Rn.3cNxzSPqMeYDt4O0veHUXYrtS6Y7EAp50IfuVjuXe', 1),
    ('72350937456', '$2a$10$5P9qZIWH0Rn.3cNxzSPqMeYDt4O0veHUXYrtS6Y7EAp50IfuVjuXe', 1),
    ('74635382146', '$2a$10$5P9qZIWH0Rn.3cNxzSPqMeYDt4O0veHUXYrtS6Y7EAp50IfuVjuXe', 1),
    ('72639777017', '$2a$10$5P9qZIWH0Rn.3cNxzSPqMeYDt4O0veHUXYrtS6Y7EAp50IfuVjuXe', 1),
    ('70808796221', '$2a$10$5P9qZIWH0Rn.3cNxzSPqMeYDt4O0veHUXYrtS6Y7EAp50IfuVjuXe', 1),
    ('75393432308', '$2a$10$5P9qZIWH0Rn.3cNxzSPqMeYDt4O0veHUXYrtS6Y7EAp50IfuVjuXe', 1),
    ('72786130907', '$2a$10$5P9qZIWH0Rn.3cNxzSPqMeYDt4O0veHUXYrtS6Y7EAp50IfuVjuXe', 1),
    ('71617384460', '$2a$10$5P9qZIWH0Rn.3cNxzSPqMeYDt4O0veHUXYrtS6Y7EAp50IfuVjuXe', 1),
    ('73816265120', '$2a$10$5P9qZIWH0Rn.3cNxzSPqMeYDt4O0veHUXYrtS6Y7EAp50IfuVjuXe', 1),
    ('73110116925', '$2a$10$5P9qZIWH0Rn.3cNxzSPqMeYDt4O0veHUXYrtS6Y7EAp50IfuVjuXe', 1),
    ('72418525886', '$2a$10$5P9qZIWH0Rn.3cNxzSPqMeYDt4O0veHUXYrtS6Y7EAp50IfuVjuXe', 1),
    ('78858885531', '$2a$10$5P9qZIWH0Rn.3cNxzSPqMeYDt4O0veHUXYrtS6Y7EAp50IfuVjuXe', 1),
    ('79868008428', '$2a$10$5P9qZIWH0Rn.3cNxzSPqMeYDt4O0veHUXYrtS6Y7EAp50IfuVjuXe', 1),
    ('70617564369', '$2a$10$5P9qZIWH0Rn.3cNxzSPqMeYDt4O0veHUXYrtS6Y7EAp50IfuVjuXe', 1),
    ('78811179715', '$2a$10$5P9qZIWH0Rn.3cNxzSPqMeYDt4O0veHUXYrtS6Y7EAp50IfuVjuXe', 1),
    ('72396182999', '$2a$10$5P9qZIWH0Rn.3cNxzSPqMeYDt4O0veHUXYrtS6Y7EAp50IfuVjuXe', 1),
    ('70265694017', '$2a$10$5P9qZIWH0Rn.3cNxzSPqMeYDt4O0veHUXYrtS6Y7EAp50IfuVjuXe', 1),
    ('72119829872', '$2a$10$5P9qZIWH0Rn.3cNxzSPqMeYDt4O0veHUXYrtS6Y7EAp50IfuVjuXe', 1),
    ('78354636460', '$2a$10$5P9qZIWH0Rn.3cNxzSPqMeYDt4O0veHUXYrtS6Y7EAp50IfuVjuXe', 1),
    ('70236093237', '$2a$10$5P9qZIWH0Rn.3cNxzSPqMeYDt4O0veHUXYrtS6Y7EAp50IfuVjuXe', 1),
    ('74877127097', '$2a$10$5P9qZIWH0Rn.3cNxzSPqMeYDt4O0veHUXYrtS6Y7EAp50IfuVjuXe', 1),
    ('74739129805', '$2a$10$5P9qZIWH0Rn.3cNxzSPqMeYDt4O0veHUXYrtS6Y7EAp50IfuVjuXe', 1),
    ('76682292266', '$2a$10$5P9qZIWH0Rn.3cNxzSPqMeYDt4O0veHUXYrtS6Y7EAp50IfuVjuXe', 1),
    ('77412170909', '$2a$10$5P9qZIWH0Rn.3cNxzSPqMeYDt4O0veHUXYrtS6Y7EAp50IfuVjuXe', 1),
    ('74587565120', '$2a$10$5P9qZIWH0Rn.3cNxzSPqMeYDt4O0veHUXYrtS6Y7EAp50IfuVjuXe', 1),
    ('79205305559', '$2a$10$5P9qZIWH0Rn.3cNxzSPqMeYDt4O0veHUXYrtS6Y7EAp50IfuVjuXe', 1),
    ('73188558532', '$2a$10$5P9qZIWH0Rn.3cNxzSPqMeYDt4O0veHUXYrtS6Y7EAp50IfuVjuXe', 1),
    ('73153766551', '$2a$10$5P9qZIWH0Rn.3cNxzSPqMeYDt4O0veHUXYrtS6Y7EAp50IfuVjuXe', 1),
    ('74762341544', '$2a$10$5P9qZIWH0Rn.3cNxzSPqMeYDt4O0veHUXYrtS6Y7EAp50IfuVjuXe', 1),
    ('70258970703', '$2a$10$5P9qZIWH0Rn.3cNxzSPqMeYDt4O0veHUXYrtS6Y7EAp50IfuVjuXe', 1),
    ('70074170199', '$2a$10$5P9qZIWH0Rn.3cNxzSPqMeYDt4O0veHUXYrtS6Y7EAp50IfuVjuXe', 1),
    ('71007311257', '$2a$10$5P9qZIWH0Rn.3cNxzSPqMeYDt4O0veHUXYrtS6Y7EAp50IfuVjuXe', 1),
    ('70714906543', '$2a$10$5P9qZIWH0Rn.3cNxzSPqMeYDt4O0veHUXYrtS6Y7EAp50IfuVjuXe', 1),
    ('72728934732', '$2a$10$5P9qZIWH0Rn.3cNxzSPqMeYDt4O0veHUXYrtS6Y7EAp50IfuVjuXe', 1),
    ('76776566072', '$2a$10$5P9qZIWH0Rn.3cNxzSPqMeYDt4O0veHUXYrtS6Y7EAp50IfuVjuXe', 1),
    ('72135132280', '$2a$10$5P9qZIWH0Rn.3cNxzSPqMeYDt4O0veHUXYrtS6Y7EAp50IfuVjuXe', 1),
    ('78801584619', '$2a$10$5P9qZIWH0Rn.3cNxzSPqMeYDt4O0veHUXYrtS6Y7EAp50IfuVjuXe', 1),
    ('72852889871', '$2a$10$5P9qZIWH0Rn.3cNxzSPqMeYDt4O0veHUXYrtS6Y7EAp50IfuVjuXe', 1),
    ('75710889340', '$2a$10$5P9qZIWH0Rn.3cNxzSPqMeYDt4O0veHUXYrtS6Y7EAp50IfuVjuXe', 1),
    ('77483485563', '$2a$10$5P9qZIWH0Rn.3cNxzSPqMeYDt4O0veHUXYrtS6Y7EAp50IfuVjuXe', 1),
    ('74283787201', '$2a$10$5P9qZIWH0Rn.3cNxzSPqMeYDt4O0veHUXYrtS6Y7EAp50IfuVjuXe', 1),
    ('79115355737', '$2a$10$5P9qZIWH0Rn.3cNxzSPqMeYDt4O0veHUXYrtS6Y7EAp50IfuVjuXe', 1),
    ('70721395698', '$2a$10$5P9qZIWH0Rn.3cNxzSPqMeYDt4O0veHUXYrtS6Y7EAp50IfuVjuXe', 1),
    ('74505838455', '$2a$10$5P9qZIWH0Rn.3cNxzSPqMeYDt4O0veHUXYrtS6Y7EAp50IfuVjuXe', 1),
    ('77615169881', '$2a$10$5P9qZIWH0Rn.3cNxzSPqMeYDt4O0veHUXYrtS6Y7EAp50IfuVjuXe', 1),
    ('79851078698', '$2a$10$5P9qZIWH0Rn.3cNxzSPqMeYDt4O0veHUXYrtS6Y7EAp50IfuVjuXe', 1),
    ('79294340067', '$2a$10$5P9qZIWH0Rn.3cNxzSPqMeYDt4O0veHUXYrtS6Y7EAp50IfuVjuXe', 1),
    ('74871723386', '$2a$10$5P9qZIWH0Rn.3cNxzSPqMeYDt4O0veHUXYrtS6Y7EAp50IfuVjuXe', 1),
    ('78632297446', '$2a$10$5P9qZIWH0Rn.3cNxzSPqMeYDt4O0veHUXYrtS6Y7EAp50IfuVjuXe', 1),
    ('70335831817', '$2a$10$5P9qZIWH0Rn.3cNxzSPqMeYDt4O0veHUXYrtS6Y7EAp50IfuVjuXe', 1),
    ('70669204245', '$2a$10$5P9qZIWH0Rn.3cNxzSPqMeYDt4O0veHUXYrtS6Y7EAp50IfuVjuXe', 1),
    ('79294042838', '$2a$10$5P9qZIWH0Rn.3cNxzSPqMeYDt4O0veHUXYrtS6Y7EAp50IfuVjuXe', 1),
    ('73260965412', '$2a$10$5P9qZIWH0Rn.3cNxzSPqMeYDt4O0veHUXYrtS6Y7EAp50IfuVjuXe', 1),
    ('72634380030', '$2a$10$5P9qZIWH0Rn.3cNxzSPqMeYDt4O0veHUXYrtS6Y7EAp50IfuVjuXe', 1),
    ('70072951320', '$2a$10$5P9qZIWH0Rn.3cNxzSPqMeYDt4O0veHUXYrtS6Y7EAp50IfuVjuXe', 1),
    ('76149575572', '$2a$10$5P9qZIWH0Rn.3cNxzSPqMeYDt4O0veHUXYrtS6Y7EAp50IfuVjuXe', 1),
    ('75725562828', '$2a$10$5P9qZIWH0Rn.3cNxzSPqMeYDt4O0veHUXYrtS6Y7EAp50IfuVjuXe', 1),
    ('76493184990', '$2a$10$5P9qZIWH0Rn.3cNxzSPqMeYDt4O0veHUXYrtS6Y7EAp50IfuVjuXe', 1),
    ('73659172322', '$2a$10$5P9qZIWH0Rn.3cNxzSPqMeYDt4O0veHUXYrtS6Y7EAp50IfuVjuXe', 1),
    ('75177322634', '$2a$10$5P9qZIWH0Rn.3cNxzSPqMeYDt4O0veHUXYrtS6Y7EAp50IfuVjuXe', 1),
    ('78568301781', '$2a$10$5P9qZIWH0Rn.3cNxzSPqMeYDt4O0veHUXYrtS6Y7EAp50IfuVjuXe', 1),
    ('70171527390', '$2a$10$5P9qZIWH0Rn.3cNxzSPqMeYDt4O0veHUXYrtS6Y7EAp50IfuVjuXe', 1),
    ('76725589589', '$2a$10$5P9qZIWH0Rn.3cNxzSPqMeYDt4O0veHUXYrtS6Y7EAp50IfuVjuXe', 1),
    ('74753028580', '$2a$10$5P9qZIWH0Rn.3cNxzSPqMeYDt4O0veHUXYrtS6Y7EAp50IfuVjuXe', 1),
    ('73080499652', '$2a$10$5P9qZIWH0Rn.3cNxzSPqMeYDt4O0veHUXYrtS6Y7EAp50IfuVjuXe', 1),
    ('74777478025', '$2a$10$5P9qZIWH0Rn.3cNxzSPqMeYDt4O0veHUXYrtS6Y7EAp50IfuVjuXe', 1),
    ('75227548283', '$2a$10$5P9qZIWH0Rn.3cNxzSPqMeYDt4O0veHUXYrtS6Y7EAp50IfuVjuXe', 1),
    ('73320489500', '$2a$10$5P9qZIWH0Rn.3cNxzSPqMeYDt4O0veHUXYrtS6Y7EAp50IfuVjuXe', 1),
    ('72688535568', '$2a$10$5P9qZIWH0Rn.3cNxzSPqMeYDt4O0veHUXYrtS6Y7EAp50IfuVjuXe', 1),
    ('73640427478', '$2a$10$5P9qZIWH0Rn.3cNxzSPqMeYDt4O0veHUXYrtS6Y7EAp50IfuVjuXe', 1),
    ('79389052822', '$2a$10$5P9qZIWH0Rn.3cNxzSPqMeYDt4O0veHUXYrtS6Y7EAp50IfuVjuXe', 1),
    ('70999650917', '$2a$10$5P9qZIWH0Rn.3cNxzSPqMeYDt4O0veHUXYrtS6Y7EAp50IfuVjuXe', 1),
    ('71663884284', '$2a$10$5P9qZIWH0Rn.3cNxzSPqMeYDt4O0veHUXYrtS6Y7EAp50IfuVjuXe', 1),
    ('79854642746', '$2a$10$5P9qZIWH0Rn.3cNxzSPqMeYDt4O0veHUXYrtS6Y7EAp50IfuVjuXe', 1),
    ('74880316694', '$2a$10$5P9qZIWH0Rn.3cNxzSPqMeYDt4O0veHUXYrtS6Y7EAp50IfuVjuXe', 1),
    ('70700987110', '$2a$10$5P9qZIWH0Rn.3cNxzSPqMeYDt4O0veHUXYrtS6Y7EAp50IfuVjuXe', 1),
    ('75392514475', '$2a$10$5P9qZIWH0Rn.3cNxzSPqMeYDt4O0veHUXYrtS6Y7EAp50IfuVjuXe', 1),
    ('76305230800', '$2a$10$5P9qZIWH0Rn.3cNxzSPqMeYDt4O0veHUXYrtS6Y7EAp50IfuVjuXe', 1),
    ('79251587964', '$2a$10$5P9qZIWH0Rn.3cNxzSPqMeYDt4O0veHUXYrtS6Y7EAp50IfuVjuXe', 1),
    ('75406336880', '$2a$10$5P9qZIWH0Rn.3cNxzSPqMeYDt4O0veHUXYrtS6Y7EAp50IfuVjuXe', 1),
    ('75296502562', '$2a$10$5P9qZIWH0Rn.3cNxzSPqMeYDt4O0veHUXYrtS6Y7EAp50IfuVjuXe', 1),
    ('76114759832', '$2a$10$5P9qZIWH0Rn.3cNxzSPqMeYDt4O0veHUXYrtS6Y7EAp50IfuVjuXe', 1),
    ('71405937591', '$2a$10$5P9qZIWH0Rn.3cNxzSPqMeYDt4O0veHUXYrtS6Y7EAp50IfuVjuXe', 1),
    ('71786323003', '$2a$10$5P9qZIWH0Rn.3cNxzSPqMeYDt4O0veHUXYrtS6Y7EAp50IfuVjuXe', 1),
    ('78814465463', '$2a$10$5P9qZIWH0Rn.3cNxzSPqMeYDt4O0veHUXYrtS6Y7EAp50IfuVjuXe', 1),
    ('75444030202', '$2a$10$5P9qZIWH0Rn.3cNxzSPqMeYDt4O0veHUXYrtS6Y7EAp50IfuVjuXe', 1),
    ('72821854890', '$2a$10$5P9qZIWH0Rn.3cNxzSPqMeYDt4O0veHUXYrtS6Y7EAp50IfuVjuXe', 1),
    ('74261962028', '$2a$10$5P9qZIWH0Rn.3cNxzSPqMeYDt4O0veHUXYrtS6Y7EAp50IfuVjuXe', 1),
    ('74416084189', '$2a$10$5P9qZIWH0Rn.3cNxzSPqMeYDt4O0veHUXYrtS6Y7EAp50IfuVjuXe', 1),
    ('72888581364', '$2a$10$5P9qZIWH0Rn.3cNxzSPqMeYDt4O0veHUXYrtS6Y7EAp50IfuVjuXe', 1),
    ('78634478232', '$2a$10$5P9qZIWH0Rn.3cNxzSPqMeYDt4O0veHUXYrtS6Y7EAp50IfuVjuXe', 1),
    ('70965788068', '$2a$10$5P9qZIWH0Rn.3cNxzSPqMeYDt4O0veHUXYrtS6Y7EAp50IfuVjuXe', 1),
    ('72781913330', '$2a$10$5P9qZIWH0Rn.3cNxzSPqMeYDt4O0veHUXYrtS6Y7EAp50IfuVjuXe', 1),
    ('79472853630', '$2a$10$5P9qZIWH0Rn.3cNxzSPqMeYDt4O0veHUXYrtS6Y7EAp50IfuVjuXe', 1),
    ('71049572942', '$2a$10$5P9qZIWH0Rn.3cNxzSPqMeYDt4O0veHUXYrtS6Y7EAp50IfuVjuXe', 1),
    ('78571758333', '$2a$10$5P9qZIWH0Rn.3cNxzSPqMeYDt4O0veHUXYrtS6Y7EAp50IfuVjuXe', 1),
    ('71103290080', '$2a$10$5P9qZIWH0Rn.3cNxzSPqMeYDt4O0veHUXYrtS6Y7EAp50IfuVjuXe', 1),
    ('77971562718', '$2a$10$5P9qZIWH0Rn.3cNxzSPqMeYDt4O0veHUXYrtS6Y7EAp50IfuVjuXe', 1),
    ('77602131879', '$2a$10$5P9qZIWH0Rn.3cNxzSPqMeYDt4O0veHUXYrtS6Y7EAp50IfuVjuXe', 1),
    ('79888968986', '$2a$10$5P9qZIWH0Rn.3cNxzSPqMeYDt4O0veHUXYrtS6Y7EAp50IfuVjuXe', 1),
    ('78427801896', '$2a$10$5P9qZIWH0Rn.3cNxzSPqMeYDt4O0veHUXYrtS6Y7EAp50IfuVjuXe', 1),
    ('78579987232', '$2a$10$5P9qZIWH0Rn.3cNxzSPqMeYDt4O0veHUXYrtS6Y7EAp50IfuVjuXe', 1),
    ('76293861510', '$2a$10$5P9qZIWH0Rn.3cNxzSPqMeYDt4O0veHUXYrtS6Y7EAp50IfuVjuXe', 1),
    ('74202059576', '$2a$10$5P9qZIWH0Rn.3cNxzSPqMeYDt4O0veHUXYrtS6Y7EAp50IfuVjuXe', 1),
    ('70303692471', '$2a$10$5P9qZIWH0Rn.3cNxzSPqMeYDt4O0veHUXYrtS6Y7EAp50IfuVjuXe', 1),
    ('75555693309', '$2a$10$5P9qZIWH0Rn.3cNxzSPqMeYDt4O0veHUXYrtS6Y7EAp50IfuVjuXe', 1),
    ('70649785276', '$2a$10$5P9qZIWH0Rn.3cNxzSPqMeYDt4O0veHUXYrtS6Y7EAp50IfuVjuXe', 1),
    ('77729787288', '$2a$10$5P9qZIWH0Rn.3cNxzSPqMeYDt4O0veHUXYrtS6Y7EAp50IfuVjuXe', 1),
    ('73068017276', '$2a$10$5P9qZIWH0Rn.3cNxzSPqMeYDt4O0veHUXYrtS6Y7EAp50IfuVjuXe', 1),
    ('70086022762', '$2a$10$5P9qZIWH0Rn.3cNxzSPqMeYDt4O0veHUXYrtS6Y7EAp50IfuVjuXe', 1),
    ('72308152737', '$2a$10$5P9qZIWH0Rn.3cNxzSPqMeYDt4O0veHUXYrtS6Y7EAp50IfuVjuXe', 1),
    ('75918989535', '$2a$10$5P9qZIWH0Rn.3cNxzSPqMeYDt4O0veHUXYrtS6Y7EAp50IfuVjuXe', 1),
    ('75070509376', '$2a$10$5P9qZIWH0Rn.3cNxzSPqMeYDt4O0veHUXYrtS6Y7EAp50IfuVjuXe', 1),
    ('75711654149', '$2a$10$5P9qZIWH0Rn.3cNxzSPqMeYDt4O0veHUXYrtS6Y7EAp50IfuVjuXe', 1),
    ('79518121848', '$2a$10$5P9qZIWH0Rn.3cNxzSPqMeYDt4O0veHUXYrtS6Y7EAp50IfuVjuXe', 1),
    ('75294635008', '$2a$10$5P9qZIWH0Rn.3cNxzSPqMeYDt4O0veHUXYrtS6Y7EAp50IfuVjuXe', 1),
    ('71210363394', '$2a$10$5P9qZIWH0Rn.3cNxzSPqMeYDt4O0veHUXYrtS6Y7EAp50IfuVjuXe', 1),
    ('77627441864', '$2a$10$5P9qZIWH0Rn.3cNxzSPqMeYDt4O0veHUXYrtS6Y7EAp50IfuVjuXe', 1),
    ('70424353789', '$2a$10$5P9qZIWH0Rn.3cNxzSPqMeYDt4O0veHUXYrtS6Y7EAp50IfuVjuXe', 1),
    ('79711085659', '$2a$10$5P9qZIWH0Rn.3cNxzSPqMeYDt4O0veHUXYrtS6Y7EAp50IfuVjuXe', 1),
    ('73656510610', '$2a$10$5P9qZIWH0Rn.3cNxzSPqMeYDt4O0veHUXYrtS6Y7EAp50IfuVjuXe', 1),
    ('73367560239', '$2a$10$5P9qZIWH0Rn.3cNxzSPqMeYDt4O0veHUXYrtS6Y7EAp50IfuVjuXe', 1),
    ('75351968199', '$2a$10$5P9qZIWH0Rn.3cNxzSPqMeYDt4O0veHUXYrtS6Y7EAp50IfuVjuXe', 1),
    ('72026558568', '$2a$10$5P9qZIWH0Rn.3cNxzSPqMeYDt4O0veHUXYrtS6Y7EAp50IfuVjuXe', 1),
    ('71467180249', '$2a$10$5P9qZIWH0Rn.3cNxzSPqMeYDt4O0veHUXYrtS6Y7EAp50IfuVjuXe', 1),
    ('79569311368', '$2a$10$5P9qZIWH0Rn.3cNxzSPqMeYDt4O0veHUXYrtS6Y7EAp50IfuVjuXe', 1),
    ('74025845853', '$2a$10$5P9qZIWH0Rn.3cNxzSPqMeYDt4O0veHUXYrtS6Y7EAp50IfuVjuXe', 1),
    ('74253505102', '$2a$10$5P9qZIWH0Rn.3cNxzSPqMeYDt4O0veHUXYrtS6Y7EAp50IfuVjuXe', 1),
    ('77017514627', '$2a$10$5P9qZIWH0Rn.3cNxzSPqMeYDt4O0veHUXYrtS6Y7EAp50IfuVjuXe', 1),
    ('75673352102', '$2a$10$5P9qZIWH0Rn.3cNxzSPqMeYDt4O0veHUXYrtS6Y7EAp50IfuVjuXe', 1),
    ('77689636451', '$2a$10$5P9qZIWH0Rn.3cNxzSPqMeYDt4O0veHUXYrtS6Y7EAp50IfuVjuXe', 1),
    ('72071924549', '$2a$10$5P9qZIWH0Rn.3cNxzSPqMeYDt4O0veHUXYrtS6Y7EAp50IfuVjuXe', 1),
    ('79883803026', '$2a$10$5P9qZIWH0Rn.3cNxzSPqMeYDt4O0veHUXYrtS6Y7EAp50IfuVjuXe', 1),
    ('78825735611', '$2a$10$5P9qZIWH0Rn.3cNxzSPqMeYDt4O0veHUXYrtS6Y7EAp50IfuVjuXe', 1),
    ('71529547028', '$2a$10$5P9qZIWH0Rn.3cNxzSPqMeYDt4O0veHUXYrtS6Y7EAp50IfuVjuXe', 1),
    ('74344953393', '$2a$10$5P9qZIWH0Rn.3cNxzSPqMeYDt4O0veHUXYrtS6Y7EAp50IfuVjuXe', 1),
    ('71769907804', '$2a$10$5P9qZIWH0Rn.3cNxzSPqMeYDt4O0veHUXYrtS6Y7EAp50IfuVjuXe', 1),
    ('75643934622', '$2a$10$5P9qZIWH0Rn.3cNxzSPqMeYDt4O0veHUXYrtS6Y7EAp50IfuVjuXe', 1),
    ('75129152501', '$2a$10$5P9qZIWH0Rn.3cNxzSPqMeYDt4O0veHUXYrtS6Y7EAp50IfuVjuXe', 1),
    ('73005068912', '$2a$10$5P9qZIWH0Rn.3cNxzSPqMeYDt4O0veHUXYrtS6Y7EAp50IfuVjuXe', 1),
    ('70093878957', '$2a$10$5P9qZIWH0Rn.3cNxzSPqMeYDt4O0veHUXYrtS6Y7EAp50IfuVjuXe', 1),
    ('75815703711', '$2a$10$5P9qZIWH0Rn.3cNxzSPqMeYDt4O0veHUXYrtS6Y7EAp50IfuVjuXe', 1),
    ('71997780257', '$2a$10$5P9qZIWH0Rn.3cNxzSPqMeYDt4O0veHUXYrtS6Y7EAp50IfuVjuXe', 1),
    ('79568778116', '$2a$10$5P9qZIWH0Rn.3cNxzSPqMeYDt4O0veHUXYrtS6Y7EAp50IfuVjuXe', 1),
    ('75349963266', '$2a$10$5P9qZIWH0Rn.3cNxzSPqMeYDt4O0veHUXYrtS6Y7EAp50IfuVjuXe', 1),
    ('72289006137', '$2a$10$5P9qZIWH0Rn.3cNxzSPqMeYDt4O0veHUXYrtS6Y7EAp50IfuVjuXe', 1),
    ('71131498757', '$2a$10$5P9qZIWH0Rn.3cNxzSPqMeYDt4O0veHUXYrtS6Y7EAp50IfuVjuXe', 1),
    ('72744324845', '$2a$10$5P9qZIWH0Rn.3cNxzSPqMeYDt4O0veHUXYrtS6Y7EAp50IfuVjuXe', 1),
    ('76378866705', '$2a$10$5P9qZIWH0Rn.3cNxzSPqMeYDt4O0veHUXYrtS6Y7EAp50IfuVjuXe', 1),
    ('70513531547', '$2a$10$5P9qZIWH0Rn.3cNxzSPqMeYDt4O0veHUXYrtS6Y7EAp50IfuVjuXe', 1),
    ('71907731595', '$2a$10$5P9qZIWH0Rn.3cNxzSPqMeYDt4O0veHUXYrtS6Y7EAp50IfuVjuXe', 1),
    ('73395808227', '$2a$10$5P9qZIWH0Rn.3cNxzSPqMeYDt4O0veHUXYrtS6Y7EAp50IfuVjuXe', 1),
    ('74775980706', '$2a$10$5P9qZIWH0Rn.3cNxzSPqMeYDt4O0veHUXYrtS6Y7EAp50IfuVjuXe', 1),
    ('74580134303', '$2a$10$5P9qZIWH0Rn.3cNxzSPqMeYDt4O0veHUXYrtS6Y7EAp50IfuVjuXe', 1),
    ('79239752707', '$2a$10$5P9qZIWH0Rn.3cNxzSPqMeYDt4O0veHUXYrtS6Y7EAp50IfuVjuXe', 1),
    ('75412151548', '$2a$10$5P9qZIWH0Rn.3cNxzSPqMeYDt4O0veHUXYrtS6Y7EAp50IfuVjuXe', 1),
    ('72160013888', '$2a$10$5P9qZIWH0Rn.3cNxzSPqMeYDt4O0veHUXYrtS6Y7EAp50IfuVjuXe', 1),
    ('70815245985', '$2a$10$5P9qZIWH0Rn.3cNxzSPqMeYDt4O0veHUXYrtS6Y7EAp50IfuVjuXe', 1),
    ('77173851343', '$2a$10$5P9qZIWH0Rn.3cNxzSPqMeYDt4O0veHUXYrtS6Y7EAp50IfuVjuXe', 1),
    ('73182717099', '$2a$10$5P9qZIWH0Rn.3cNxzSPqMeYDt4O0veHUXYrtS6Y7EAp50IfuVjuXe', 1),
    ('79334813371', '$2a$10$5P9qZIWH0Rn.3cNxzSPqMeYDt4O0veHUXYrtS6Y7EAp50IfuVjuXe', 1),
    ('76502207476', '$2a$10$5P9qZIWH0Rn.3cNxzSPqMeYDt4O0veHUXYrtS6Y7EAp50IfuVjuXe', 1),
    ('75365478049', '$2a$10$5P9qZIWH0Rn.3cNxzSPqMeYDt4O0veHUXYrtS6Y7EAp50IfuVjuXe', 1),
    ('74198171602', '$2a$10$5P9qZIWH0Rn.3cNxzSPqMeYDt4O0veHUXYrtS6Y7EAp50IfuVjuXe', 1),
    ('72474769555', '$2a$10$5P9qZIWH0Rn.3cNxzSPqMeYDt4O0veHUXYrtS6Y7EAp50IfuVjuXe', 1),
    ('78024186112', '$2a$10$5P9qZIWH0Rn.3cNxzSPqMeYDt4O0veHUXYrtS6Y7EAp50IfuVjuXe', 1),
    ('75186728474', '$2a$10$5P9qZIWH0Rn.3cNxzSPqMeYDt4O0veHUXYrtS6Y7EAp50IfuVjuXe', 1),
    ('76314701890', '$2a$10$5P9qZIWH0Rn.3cNxzSPqMeYDt4O0veHUXYrtS6Y7EAp50IfuVjuXe', 1),
    ('75865369941', '$2a$10$5P9qZIWH0Rn.3cNxzSPqMeYDt4O0veHUXYrtS6Y7EAp50IfuVjuXe', 1),
    ('71200251482', '$2a$10$5P9qZIWH0Rn.3cNxzSPqMeYDt4O0veHUXYrtS6Y7EAp50IfuVjuXe', 1),
    ('73758350977', '$2a$10$5P9qZIWH0Rn.3cNxzSPqMeYDt4O0veHUXYrtS6Y7EAp50IfuVjuXe', 1),
    ('79185095195', '$2a$10$5P9qZIWH0Rn.3cNxzSPqMeYDt4O0veHUXYrtS6Y7EAp50IfuVjuXe', 1),
    ('73528744572', '$2a$10$5P9qZIWH0Rn.3cNxzSPqMeYDt4O0veHUXYrtS6Y7EAp50IfuVjuXe', 1),
    ('75497833014', '$2a$10$5P9qZIWH0Rn.3cNxzSPqMeYDt4O0veHUXYrtS6Y7EAp50IfuVjuXe', 1),
    ('77380535493', '$2a$10$5P9qZIWH0Rn.3cNxzSPqMeYDt4O0veHUXYrtS6Y7EAp50IfuVjuXe', 1),
    ('70836041330', '$2a$10$5P9qZIWH0Rn.3cNxzSPqMeYDt4O0veHUXYrtS6Y7EAp50IfuVjuXe', 1),
    ('76058779562', '$2a$10$5P9qZIWH0Rn.3cNxzSPqMeYDt4O0veHUXYrtS6Y7EAp50IfuVjuXe', 1),
    ('79872412447', '$2a$10$5P9qZIWH0Rn.3cNxzSPqMeYDt4O0veHUXYrtS6Y7EAp50IfuVjuXe', 1),
    ('73179652661', '$2a$10$5P9qZIWH0Rn.3cNxzSPqMeYDt4O0veHUXYrtS6Y7EAp50IfuVjuXe', 1),
    ('78990759735', '$2a$10$5P9qZIWH0Rn.3cNxzSPqMeYDt4O0veHUXYrtS6Y7EAp50IfuVjuXe', 1),
    ('73543797858', '$2a$10$5P9qZIWH0Rn.3cNxzSPqMeYDt4O0veHUXYrtS6Y7EAp50IfuVjuXe', 1),
    ('78164715307', '$2a$10$5P9qZIWH0Rn.3cNxzSPqMeYDt4O0veHUXYrtS6Y7EAp50IfuVjuXe', 1),
    ('72142892962', '$2a$10$5P9qZIWH0Rn.3cNxzSPqMeYDt4O0veHUXYrtS6Y7EAp50IfuVjuXe', 1),
    ('72236098533', '$2a$10$5P9qZIWH0Rn.3cNxzSPqMeYDt4O0veHUXYrtS6Y7EAp50IfuVjuXe', 1),
    ('71328033045', '$2a$10$5P9qZIWH0Rn.3cNxzSPqMeYDt4O0veHUXYrtS6Y7EAp50IfuVjuXe', 1),
    ('73683046986', '$2a$10$5P9qZIWH0Rn.3cNxzSPqMeYDt4O0veHUXYrtS6Y7EAp50IfuVjuXe', 1),
    ('77089328804', '$2a$10$5P9qZIWH0Rn.3cNxzSPqMeYDt4O0veHUXYrtS6Y7EAp50IfuVjuXe', 1),
    ('73378669712', '$2a$10$5P9qZIWH0Rn.3cNxzSPqMeYDt4O0veHUXYrtS6Y7EAp50IfuVjuXe', 1),
    ('79707857923', '$2a$10$5P9qZIWH0Rn.3cNxzSPqMeYDt4O0veHUXYrtS6Y7EAp50IfuVjuXe', 1),
    ('76199375764', '$2a$10$5P9qZIWH0Rn.3cNxzSPqMeYDt4O0veHUXYrtS6Y7EAp50IfuVjuXe', 1),
    ('70447192847', '$2a$10$5P9qZIWH0Rn.3cNxzSPqMeYDt4O0veHUXYrtS6Y7EAp50IfuVjuXe', 1),
    ('73366891906', '$2a$10$5P9qZIWH0Rn.3cNxzSPqMeYDt4O0veHUXYrtS6Y7EAp50IfuVjuXe', 1),
    ('76659046544', '$2a$10$5P9qZIWH0Rn.3cNxzSPqMeYDt4O0veHUXYrtS6Y7EAp50IfuVjuXe', 1),
    ('77309980338', '$2a$10$5P9qZIWH0Rn.3cNxzSPqMeYDt4O0veHUXYrtS6Y7EAp50IfuVjuXe', 1),
    ('75154196721', '$2a$10$5P9qZIWH0Rn.3cNxzSPqMeYDt4O0veHUXYrtS6Y7EAp50IfuVjuXe', 1),
    ('77198249843', '$2a$10$5P9qZIWH0Rn.3cNxzSPqMeYDt4O0veHUXYrtS6Y7EAp50IfuVjuXe', 1),
    ('75534085453', '$2a$10$5P9qZIWH0Rn.3cNxzSPqMeYDt4O0veHUXYrtS6Y7EAp50IfuVjuXe', 1),
    ('77601212176', '$2a$10$5P9qZIWH0Rn.3cNxzSPqMeYDt4O0veHUXYrtS6Y7EAp50IfuVjuXe', 1),
    ('74003289106', '$2a$10$5P9qZIWH0Rn.3cNxzSPqMeYDt4O0veHUXYrtS6Y7EAp50IfuVjuXe', 1),
    ('72933907033', '$2a$10$5P9qZIWH0Rn.3cNxzSPqMeYDt4O0veHUXYrtS6Y7EAp50IfuVjuXe', 1),
    ('74592609842', '$2a$10$5P9qZIWH0Rn.3cNxzSPqMeYDt4O0veHUXYrtS6Y7EAp50IfuVjuXe', 1),
    ('71589358307', '$2a$10$5P9qZIWH0Rn.3cNxzSPqMeYDt4O0veHUXYrtS6Y7EAp50IfuVjuXe', 1),
    ('71300939745', '$2a$10$5P9qZIWH0Rn.3cNxzSPqMeYDt4O0veHUXYrtS6Y7EAp50IfuVjuXe', 1),
    ('79003558239', '$2a$10$5P9qZIWH0Rn.3cNxzSPqMeYDt4O0veHUXYrtS6Y7EAp50IfuVjuXe', 1),
    ('75908197605', '$2a$10$5P9qZIWH0Rn.3cNxzSPqMeYDt4O0veHUXYrtS6Y7EAp50IfuVjuXe', 1),
    ('70839924143', '$2a$10$5P9qZIWH0Rn.3cNxzSPqMeYDt4O0veHUXYrtS6Y7EAp50IfuVjuXe', 1),
    ('71245933743', '$2a$10$5P9qZIWH0Rn.3cNxzSPqMeYDt4O0veHUXYrtS6Y7EAp50IfuVjuXe', 1),
    ('70604736199', '$2a$10$5P9qZIWH0Rn.3cNxzSPqMeYDt4O0veHUXYrtS6Y7EAp50IfuVjuXe', 1),
    ('76417654416', '$2a$10$5P9qZIWH0Rn.3cNxzSPqMeYDt4O0veHUXYrtS6Y7EAp50IfuVjuXe', 1),
    ('75124680151', '$2a$10$5P9qZIWH0Rn.3cNxzSPqMeYDt4O0veHUXYrtS6Y7EAp50IfuVjuXe', 1),
    ('76379441187', '$2a$10$5P9qZIWH0Rn.3cNxzSPqMeYDt4O0veHUXYrtS6Y7EAp50IfuVjuXe', 1),
    ('70420856255', '$2a$10$5P9qZIWH0Rn.3cNxzSPqMeYDt4O0veHUXYrtS6Y7EAp50IfuVjuXe', 1),
    ('76927696379', '$2a$10$5P9qZIWH0Rn.3cNxzSPqMeYDt4O0veHUXYrtS6Y7EAp50IfuVjuXe', 1),
    ('75975363847', '$2a$10$5P9qZIWH0Rn.3cNxzSPqMeYDt4O0veHUXYrtS6Y7EAp50IfuVjuXe', 1),
    ('75202124403', '$2a$10$5P9qZIWH0Rn.3cNxzSPqMeYDt4O0veHUXYrtS6Y7EAp50IfuVjuXe', 1),
    ('78072620376', '$2a$10$5P9qZIWH0Rn.3cNxzSPqMeYDt4O0veHUXYrtS6Y7EAp50IfuVjuXe', 1),
    ('78054344685', '$2a$10$5P9qZIWH0Rn.3cNxzSPqMeYDt4O0veHUXYrtS6Y7EAp50IfuVjuXe', 1),
    ('78068683407', '$2a$10$5P9qZIWH0Rn.3cNxzSPqMeYDt4O0veHUXYrtS6Y7EAp50IfuVjuXe', 1),
    ('71611530277', '$2a$10$5P9qZIWH0Rn.3cNxzSPqMeYDt4O0veHUXYrtS6Y7EAp50IfuVjuXe', 1),
    ('77525436885', '$2a$10$5P9qZIWH0Rn.3cNxzSPqMeYDt4O0veHUXYrtS6Y7EAp50IfuVjuXe', 1),
    ('72718304312', '$2a$10$5P9qZIWH0Rn.3cNxzSPqMeYDt4O0veHUXYrtS6Y7EAp50IfuVjuXe', 1),
    ('75608809666', '$2a$10$5P9qZIWH0Rn.3cNxzSPqMeYDt4O0veHUXYrtS6Y7EAp50IfuVjuXe', 1),
    ('70926769236', '$2a$10$5P9qZIWH0Rn.3cNxzSPqMeYDt4O0veHUXYrtS6Y7EAp50IfuVjuXe', 1),
    ('79886913271', '$2a$10$5P9qZIWH0Rn.3cNxzSPqMeYDt4O0veHUXYrtS6Y7EAp50IfuVjuXe', 1),
    ('76920205236', '$2a$10$5P9qZIWH0Rn.3cNxzSPqMeYDt4O0veHUXYrtS6Y7EAp50IfuVjuXe', 1),
    ('71155727984', '$2a$10$5P9qZIWH0Rn.3cNxzSPqMeYDt4O0veHUXYrtS6Y7EAp50IfuVjuXe', 1),
    ('77496403773', '$2a$10$5P9qZIWH0Rn.3cNxzSPqMeYDt4O0veHUXYrtS6Y7EAp50IfuVjuXe', 1),
    ('78788595657', '$2a$10$5P9qZIWH0Rn.3cNxzSPqMeYDt4O0veHUXYrtS6Y7EAp50IfuVjuXe', 1),
    ('70315525046', '$2a$10$5P9qZIWH0Rn.3cNxzSPqMeYDt4O0veHUXYrtS6Y7EAp50IfuVjuXe', 1),
    ('73895496317', '$2a$10$5P9qZIWH0Rn.3cNxzSPqMeYDt4O0veHUXYrtS6Y7EAp50IfuVjuXe', 1),
    ('76297679583', '$2a$10$5P9qZIWH0Rn.3cNxzSPqMeYDt4O0veHUXYrtS6Y7EAp50IfuVjuXe', 1),
    ('74530072522', '$2a$10$5P9qZIWH0Rn.3cNxzSPqMeYDt4O0veHUXYrtS6Y7EAp50IfuVjuXe', 1),
    ('79937718597', '$2a$10$5P9qZIWH0Rn.3cNxzSPqMeYDt4O0veHUXYrtS6Y7EAp50IfuVjuXe', 1),
    ('73931347534', '$2a$10$5P9qZIWH0Rn.3cNxzSPqMeYDt4O0veHUXYrtS6Y7EAp50IfuVjuXe', 1),
    ('71837743276', '$2a$10$5P9qZIWH0Rn.3cNxzSPqMeYDt4O0veHUXYrtS6Y7EAp50IfuVjuXe', 1),
    ('71109196232', '$2a$10$5P9qZIWH0Rn.3cNxzSPqMeYDt4O0veHUXYrtS6Y7EAp50IfuVjuXe', 1),
    ('74541699504', '$2a$10$5P9qZIWH0Rn.3cNxzSPqMeYDt4O0veHUXYrtS6Y7EAp50IfuVjuXe', 1),
    ('78988160236', '$2a$10$5P9qZIWH0Rn.3cNxzSPqMeYDt4O0veHUXYrtS6Y7EAp50IfuVjuXe', 1),
    ('77555587073', '$2a$10$5P9qZIWH0Rn.3cNxzSPqMeYDt4O0veHUXYrtS6Y7EAp50IfuVjuXe', 1),
    ('77096669462', '$2a$10$5P9qZIWH0Rn.3cNxzSPqMeYDt4O0veHUXYrtS6Y7EAp50IfuVjuXe', 1),
    ('75947073623', '$2a$10$5P9qZIWH0Rn.3cNxzSPqMeYDt4O0veHUXYrtS6Y7EAp50IfuVjuXe', 1),
    ('78334843108', '$2a$10$5P9qZIWH0Rn.3cNxzSPqMeYDt4O0veHUXYrtS6Y7EAp50IfuVjuXe', 1),
    ('79897308816', '$2a$10$5P9qZIWH0Rn.3cNxzSPqMeYDt4O0veHUXYrtS6Y7EAp50IfuVjuXe', 1),
    ('76949087612', '$2a$10$5P9qZIWH0Rn.3cNxzSPqMeYDt4O0veHUXYrtS6Y7EAp50IfuVjuXe', 1),
    ('75928651599', '$2a$10$5P9qZIWH0Rn.3cNxzSPqMeYDt4O0veHUXYrtS6Y7EAp50IfuVjuXe', 1),
    ('75905760230', '$2a$10$5P9qZIWH0Rn.3cNxzSPqMeYDt4O0veHUXYrtS6Y7EAp50IfuVjuXe', 1),
    ('78111465307', '$2a$10$5P9qZIWH0Rn.3cNxzSPqMeYDt4O0veHUXYrtS6Y7EAp50IfuVjuXe', 1),
    ('78544366862', '$2a$10$5P9qZIWH0Rn.3cNxzSPqMeYDt4O0veHUXYrtS6Y7EAp50IfuVjuXe', 1),
    ('79497911941', '$2a$10$5P9qZIWH0Rn.3cNxzSPqMeYDt4O0veHUXYrtS6Y7EAp50IfuVjuXe', 1),
    ('77084175082', '$2a$10$5P9qZIWH0Rn.3cNxzSPqMeYDt4O0veHUXYrtS6Y7EAp50IfuVjuXe', 1),
    ('71005737756', '$2a$10$5P9qZIWH0Rn.3cNxzSPqMeYDt4O0veHUXYrtS6Y7EAp50IfuVjuXe', 1),
    ('73207312603', '$2a$10$5P9qZIWH0Rn.3cNxzSPqMeYDt4O0veHUXYrtS6Y7EAp50IfuVjuXe', 1),
    ('72945220210', '$2a$10$5P9qZIWH0Rn.3cNxzSPqMeYDt4O0veHUXYrtS6Y7EAp50IfuVjuXe', 1),
    ('70043351462', '$2a$10$5P9qZIWH0Rn.3cNxzSPqMeYDt4O0veHUXYrtS6Y7EAp50IfuVjuXe', 1),
    ('76630129567', '$2a$10$5P9qZIWH0Rn.3cNxzSPqMeYDt4O0veHUXYrtS6Y7EAp50IfuVjuXe', 1),
    ('74482491067', '$2a$10$5P9qZIWH0Rn.3cNxzSPqMeYDt4O0veHUXYrtS6Y7EAp50IfuVjuXe', 1),
    ('78566390393', '$2a$10$5P9qZIWH0Rn.3cNxzSPqMeYDt4O0veHUXYrtS6Y7EAp50IfuVjuXe', 1),
    ('72036693696', '$2a$10$5P9qZIWH0Rn.3cNxzSPqMeYDt4O0veHUXYrtS6Y7EAp50IfuVjuXe', 1),
    ('78609682449', '$2a$10$5P9qZIWH0Rn.3cNxzSPqMeYDt4O0veHUXYrtS6Y7EAp50IfuVjuXe', 1),
    ('73925193107', '$2a$10$5P9qZIWH0Rn.3cNxzSPqMeYDt4O0veHUXYrtS6Y7EAp50IfuVjuXe', 1),
    ('77892867802', '$2a$10$5P9qZIWH0Rn.3cNxzSPqMeYDt4O0veHUXYrtS6Y7EAp50IfuVjuXe', 1),
    ('78994685323', '$2a$10$5P9qZIWH0Rn.3cNxzSPqMeYDt4O0veHUXYrtS6Y7EAp50IfuVjuXe', 1),
    ('78076219085', '$2a$10$5P9qZIWH0Rn.3cNxzSPqMeYDt4O0veHUXYrtS6Y7EAp50IfuVjuXe', 1),
    ('79036718704', '$2a$10$5P9qZIWH0Rn.3cNxzSPqMeYDt4O0veHUXYrtS6Y7EAp50IfuVjuXe', 1),
    ('73696414382', '$2a$10$5P9qZIWH0Rn.3cNxzSPqMeYDt4O0veHUXYrtS6Y7EAp50IfuVjuXe', 1),
    ('74655010290', '$2a$10$5P9qZIWH0Rn.3cNxzSPqMeYDt4O0veHUXYrtS6Y7EAp50IfuVjuXe', 1),
    ('79377562771', '$2a$10$5P9qZIWH0Rn.3cNxzSPqMeYDt4O0veHUXYrtS6Y7EAp50IfuVjuXe', 1),
    ('78293097424', '$2a$10$5P9qZIWH0Rn.3cNxzSPqMeYDt4O0veHUXYrtS6Y7EAp50IfuVjuXe', 1),
    ('76619463221', '$2a$10$5P9qZIWH0Rn.3cNxzSPqMeYDt4O0veHUXYrtS6Y7EAp50IfuVjuXe', 1),
    ('70906270261', '$2a$10$5P9qZIWH0Rn.3cNxzSPqMeYDt4O0veHUXYrtS6Y7EAp50IfuVjuXe', 1),
    ('70688497689', '$2a$10$5P9qZIWH0Rn.3cNxzSPqMeYDt4O0veHUXYrtS6Y7EAp50IfuVjuXe', 1),
    ('72978669879', '$2a$10$5P9qZIWH0Rn.3cNxzSPqMeYDt4O0veHUXYrtS6Y7EAp50IfuVjuXe', 1),
    ('78453515934', '$2a$10$5P9qZIWH0Rn.3cNxzSPqMeYDt4O0veHUXYrtS6Y7EAp50IfuVjuXe', 1),
    ('76790136961', '$2a$10$5P9qZIWH0Rn.3cNxzSPqMeYDt4O0veHUXYrtS6Y7EAp50IfuVjuXe', 1),
    ('78999013477', '$2a$10$5P9qZIWH0Rn.3cNxzSPqMeYDt4O0veHUXYrtS6Y7EAp50IfuVjuXe', 1),
    ('78055080933', '$2a$10$5P9qZIWH0Rn.3cNxzSPqMeYDt4O0veHUXYrtS6Y7EAp50IfuVjuXe', 1),
    ('74478875345', '$2a$10$5P9qZIWH0Rn.3cNxzSPqMeYDt4O0veHUXYrtS6Y7EAp50IfuVjuXe', 1),
    ('76644517817', '$2a$10$5P9qZIWH0Rn.3cNxzSPqMeYDt4O0veHUXYrtS6Y7EAp50IfuVjuXe', 1),
    ('76620756451', '$2a$10$5P9qZIWH0Rn.3cNxzSPqMeYDt4O0veHUXYrtS6Y7EAp50IfuVjuXe', 1),
    ('76764059734', '$2a$10$5P9qZIWH0Rn.3cNxzSPqMeYDt4O0veHUXYrtS6Y7EAp50IfuVjuXe', 1),
    ('77947703509', '$2a$10$5P9qZIWH0Rn.3cNxzSPqMeYDt4O0veHUXYrtS6Y7EAp50IfuVjuXe', 1),
    ('73599003599', '$2a$10$5P9qZIWH0Rn.3cNxzSPqMeYDt4O0veHUXYrtS6Y7EAp50IfuVjuXe', 1),
    ('70679797511', '$2a$10$5P9qZIWH0Rn.3cNxzSPqMeYDt4O0veHUXYrtS6Y7EAp50IfuVjuXe', 1),
    ('74142779789', '$2a$10$5P9qZIWH0Rn.3cNxzSPqMeYDt4O0veHUXYrtS6Y7EAp50IfuVjuXe', 1),
    ('70057604591', '$2a$10$5P9qZIWH0Rn.3cNxzSPqMeYDt4O0veHUXYrtS6Y7EAp50IfuVjuXe', 1),
    ('72382291525', '$2a$10$5P9qZIWH0Rn.3cNxzSPqMeYDt4O0veHUXYrtS6Y7EAp50IfuVjuXe', 1),
    ('77214227233', '$2a$10$5P9qZIWH0Rn.3cNxzSPqMeYDt4O0veHUXYrtS6Y7EAp50IfuVjuXe', 1),
    ('76103720730', '$2a$10$5P9qZIWH0Rn.3cNxzSPqMeYDt4O0veHUXYrtS6Y7EAp50IfuVjuXe', 1),
    ('74349953617', '$2a$10$5P9qZIWH0Rn.3cNxzSPqMeYDt4O0veHUXYrtS6Y7EAp50IfuVjuXe', 1),
    ('78757497379', '$2a$10$5P9qZIWH0Rn.3cNxzSPqMeYDt4O0veHUXYrtS6Y7EAp50IfuVjuXe', 1),
    ('79469692724', '$2a$10$5P9qZIWH0Rn.3cNxzSPqMeYDt4O0veHUXYrtS6Y7EAp50IfuVjuXe', 1),
    ('77061759455', '$2a$10$5P9qZIWH0Rn.3cNxzSPqMeYDt4O0veHUXYrtS6Y7EAp50IfuVjuXe', 1),
    ('73225625926', '$2a$10$5P9qZIWH0Rn.3cNxzSPqMeYDt4O0veHUXYrtS6Y7EAp50IfuVjuXe', 1),
    ('79660960646', '$2a$10$5P9qZIWH0Rn.3cNxzSPqMeYDt4O0veHUXYrtS6Y7EAp50IfuVjuXe', 1),
    ('78729913179', '$2a$10$5P9qZIWH0Rn.3cNxzSPqMeYDt4O0veHUXYrtS6Y7EAp50IfuVjuXe', 1),
    ('72017592926', '$2a$10$5P9qZIWH0Rn.3cNxzSPqMeYDt4O0veHUXYrtS6Y7EAp50IfuVjuXe', 1),
    ('75393227903', '$2a$10$5P9qZIWH0Rn.3cNxzSPqMeYDt4O0veHUXYrtS6Y7EAp50IfuVjuXe', 1),
    ('77926243578', '$2a$10$5P9qZIWH0Rn.3cNxzSPqMeYDt4O0veHUXYrtS6Y7EAp50IfuVjuXe', 1),
    ('73770714874', '$2a$10$5P9qZIWH0Rn.3cNxzSPqMeYDt4O0veHUXYrtS6Y7EAp50IfuVjuXe', 1),
    ('77441982103', '$2a$10$5P9qZIWH0Rn.3cNxzSPqMeYDt4O0veHUXYrtS6Y7EAp50IfuVjuXe', 1),
    ('77768353753', '$2a$10$5P9qZIWH0Rn.3cNxzSPqMeYDt4O0veHUXYrtS6Y7EAp50IfuVjuXe', 1),
    ('70603376544', '$2a$10$5P9qZIWH0Rn.3cNxzSPqMeYDt4O0veHUXYrtS6Y7EAp50IfuVjuXe', 1),
    ('75103011472', '$2a$10$5P9qZIWH0Rn.3cNxzSPqMeYDt4O0veHUXYrtS6Y7EAp50IfuVjuXe', 1),
    ('74920524726', '$2a$10$5P9qZIWH0Rn.3cNxzSPqMeYDt4O0veHUXYrtS6Y7EAp50IfuVjuXe', 1),
    ('75024196045', '$2a$10$5P9qZIWH0Rn.3cNxzSPqMeYDt4O0veHUXYrtS6Y7EAp50IfuVjuXe', 1),
    ('75703908938', '$2a$10$5P9qZIWH0Rn.3cNxzSPqMeYDt4O0veHUXYrtS6Y7EAp50IfuVjuXe', 1),
    ('77625685891', '$2a$10$5P9qZIWH0Rn.3cNxzSPqMeYDt4O0veHUXYrtS6Y7EAp50IfuVjuXe', 1),
    ('73829826230', '$2a$10$5P9qZIWH0Rn.3cNxzSPqMeYDt4O0veHUXYrtS6Y7EAp50IfuVjuXe', 1),
    ('77576103492', '$2a$10$5P9qZIWH0Rn.3cNxzSPqMeYDt4O0veHUXYrtS6Y7EAp50IfuVjuXe', 1),
    ('79139329747', '$2a$10$5P9qZIWH0Rn.3cNxzSPqMeYDt4O0veHUXYrtS6Y7EAp50IfuVjuXe', 1),
    ('79815192623', '$2a$10$5P9qZIWH0Rn.3cNxzSPqMeYDt4O0veHUXYrtS6Y7EAp50IfuVjuXe', 1),
    ('79360017221', '$2a$10$5P9qZIWH0Rn.3cNxzSPqMeYDt4O0veHUXYrtS6Y7EAp50IfuVjuXe', 1),
    ('71614006873', '$2a$10$5P9qZIWH0Rn.3cNxzSPqMeYDt4O0veHUXYrtS6Y7EAp50IfuVjuXe', 1),
    ('70841735595', '$2a$10$5P9qZIWH0Rn.3cNxzSPqMeYDt4O0veHUXYrtS6Y7EAp50IfuVjuXe', 1),
    ('76156633053', '$2a$10$5P9qZIWH0Rn.3cNxzSPqMeYDt4O0veHUXYrtS6Y7EAp50IfuVjuXe', 1),
    ('71563660462', '$2a$10$5P9qZIWH0Rn.3cNxzSPqMeYDt4O0veHUXYrtS6Y7EAp50IfuVjuXe', 1),
    ('72531809930', '$2a$10$5P9qZIWH0Rn.3cNxzSPqMeYDt4O0veHUXYrtS6Y7EAp50IfuVjuXe', 1),
    ('79786473551', '$2a$10$5P9qZIWH0Rn.3cNxzSPqMeYDt4O0veHUXYrtS6Y7EAp50IfuVjuXe', 1),
    ('77044694352', '$2a$10$5P9qZIWH0Rn.3cNxzSPqMeYDt4O0veHUXYrtS6Y7EAp50IfuVjuXe', 1),
    ('79765799867', '$2a$10$5P9qZIWH0Rn.3cNxzSPqMeYDt4O0veHUXYrtS6Y7EAp50IfuVjuXe', 1),
    ('77485218123', '$2a$10$5P9qZIWH0Rn.3cNxzSPqMeYDt4O0veHUXYrtS6Y7EAp50IfuVjuXe', 1),
    ('71254338464', '$2a$10$5P9qZIWH0Rn.3cNxzSPqMeYDt4O0veHUXYrtS6Y7EAp50IfuVjuXe', 1),
    ('70567006867', '$2a$10$5P9qZIWH0Rn.3cNxzSPqMeYDt4O0veHUXYrtS6Y7EAp50IfuVjuXe', 1),
    ('72930907965', '$2a$10$5P9qZIWH0Rn.3cNxzSPqMeYDt4O0veHUXYrtS6Y7EAp50IfuVjuXe', 1),
    ('78233148216', '$2a$10$5P9qZIWH0Rn.3cNxzSPqMeYDt4O0veHUXYrtS6Y7EAp50IfuVjuXe', 1),
    ('72471252804', '$2a$10$5P9qZIWH0Rn.3cNxzSPqMeYDt4O0veHUXYrtS6Y7EAp50IfuVjuXe', 1),
    ('71774724541', '$2a$10$5P9qZIWH0Rn.3cNxzSPqMeYDt4O0veHUXYrtS6Y7EAp50IfuVjuXe', 1),
    ('77281362384', '$2a$10$5P9qZIWH0Rn.3cNxzSPqMeYDt4O0veHUXYrtS6Y7EAp50IfuVjuXe', 1),
    ('71997209366', '$2a$10$5P9qZIWH0Rn.3cNxzSPqMeYDt4O0veHUXYrtS6Y7EAp50IfuVjuXe', 1),
    ('75527373865', '$2a$10$5P9qZIWH0Rn.3cNxzSPqMeYDt4O0veHUXYrtS6Y7EAp50IfuVjuXe', 1),
    ('72051765490', '$2a$10$5P9qZIWH0Rn.3cNxzSPqMeYDt4O0veHUXYrtS6Y7EAp50IfuVjuXe', 1),
    ('72795708555', '$2a$10$5P9qZIWH0Rn.3cNxzSPqMeYDt4O0veHUXYrtS6Y7EAp50IfuVjuXe', 1),
    ('77940219278', '$2a$10$5P9qZIWH0Rn.3cNxzSPqMeYDt4O0veHUXYrtS6Y7EAp50IfuVjuXe', 1),
    ('70684351227', '$2a$10$5P9qZIWH0Rn.3cNxzSPqMeYDt4O0veHUXYrtS6Y7EAp50IfuVjuXe', 1),
    ('77965297642', '$2a$10$5P9qZIWH0Rn.3cNxzSPqMeYDt4O0veHUXYrtS6Y7EAp50IfuVjuXe', 1),
    ('79205314053', '$2a$10$5P9qZIWH0Rn.3cNxzSPqMeYDt4O0veHUXYrtS6Y7EAp50IfuVjuXe', 1),
    ('77179159583', '$2a$10$5P9qZIWH0Rn.3cNxzSPqMeYDt4O0veHUXYrtS6Y7EAp50IfuVjuXe', 1),
    ('76606146796', '$2a$10$5P9qZIWH0Rn.3cNxzSPqMeYDt4O0veHUXYrtS6Y7EAp50IfuVjuXe', 1),
    ('75797196810', '$2a$10$5P9qZIWH0Rn.3cNxzSPqMeYDt4O0veHUXYrtS6Y7EAp50IfuVjuXe', 1),
    ('75844510453', '$2a$10$5P9qZIWH0Rn.3cNxzSPqMeYDt4O0veHUXYrtS6Y7EAp50IfuVjuXe', 1),
    ('70217431651', '$2a$10$5P9qZIWH0Rn.3cNxzSPqMeYDt4O0veHUXYrtS6Y7EAp50IfuVjuXe', 1),
    ('74837871526', '$2a$10$5P9qZIWH0Rn.3cNxzSPqMeYDt4O0veHUXYrtS6Y7EAp50IfuVjuXe', 1),
    ('75558995317', '$2a$10$5P9qZIWH0Rn.3cNxzSPqMeYDt4O0veHUXYrtS6Y7EAp50IfuVjuXe', 1),
    ('72567005337', '$2a$10$5P9qZIWH0Rn.3cNxzSPqMeYDt4O0veHUXYrtS6Y7EAp50IfuVjuXe', 1),
    ('73678882119', '$2a$10$5P9qZIWH0Rn.3cNxzSPqMeYDt4O0veHUXYrtS6Y7EAp50IfuVjuXe', 1),
    ('72487668084', '$2a$10$5P9qZIWH0Rn.3cNxzSPqMeYDt4O0veHUXYrtS6Y7EAp50IfuVjuXe', 1),
    ('75416726288', '$2a$10$5P9qZIWH0Rn.3cNxzSPqMeYDt4O0veHUXYrtS6Y7EAp50IfuVjuXe', 1),
    ('79932486139', '$2a$10$5P9qZIWH0Rn.3cNxzSPqMeYDt4O0veHUXYrtS6Y7EAp50IfuVjuXe', 1),
    ('70561101582', '$2a$10$5P9qZIWH0Rn.3cNxzSPqMeYDt4O0veHUXYrtS6Y7EAp50IfuVjuXe', 1),
    ('72273682017', '$2a$10$5P9qZIWH0Rn.3cNxzSPqMeYDt4O0veHUXYrtS6Y7EAp50IfuVjuXe', 1),
    ('75776040595', '$2a$10$5P9qZIWH0Rn.3cNxzSPqMeYDt4O0veHUXYrtS6Y7EAp50IfuVjuXe', 1),
    ('73428480821', '$2a$10$5P9qZIWH0Rn.3cNxzSPqMeYDt4O0veHUXYrtS6Y7EAp50IfuVjuXe', 1),
    ('71793956598', '$2a$10$5P9qZIWH0Rn.3cNxzSPqMeYDt4O0veHUXYrtS6Y7EAp50IfuVjuXe', 1),
    ('76902394590', '$2a$10$5P9qZIWH0Rn.3cNxzSPqMeYDt4O0veHUXYrtS6Y7EAp50IfuVjuXe', 1),
    ('72266941527', '$2a$10$5P9qZIWH0Rn.3cNxzSPqMeYDt4O0veHUXYrtS6Y7EAp50IfuVjuXe', 1),
    ('78628834468', '$2a$10$5P9qZIWH0Rn.3cNxzSPqMeYDt4O0veHUXYrtS6Y7EAp50IfuVjuXe', 1),
    ('78947663170', '$2a$10$5P9qZIWH0Rn.3cNxzSPqMeYDt4O0veHUXYrtS6Y7EAp50IfuVjuXe', 1),
    ('73441662046', '$2a$10$5P9qZIWH0Rn.3cNxzSPqMeYDt4O0veHUXYrtS6Y7EAp50IfuVjuXe', 1),
    ('70803102582', '$2a$10$5P9qZIWH0Rn.3cNxzSPqMeYDt4O0veHUXYrtS6Y7EAp50IfuVjuXe', 1),
    ('79798633528', '$2a$10$5P9qZIWH0Rn.3cNxzSPqMeYDt4O0veHUXYrtS6Y7EAp50IfuVjuXe', 1),
    ('74258216829', '$2a$10$5P9qZIWH0Rn.3cNxzSPqMeYDt4O0veHUXYrtS6Y7EAp50IfuVjuXe', 1),
    ('71058962017', '$2a$10$5P9qZIWH0Rn.3cNxzSPqMeYDt4O0veHUXYrtS6Y7EAp50IfuVjuXe', 1),
    ('73359975112', '$2a$10$5P9qZIWH0Rn.3cNxzSPqMeYDt4O0veHUXYrtS6Y7EAp50IfuVjuXe', 1),
    ('73773482497', '$2a$10$5P9qZIWH0Rn.3cNxzSPqMeYDt4O0veHUXYrtS6Y7EAp50IfuVjuXe', 1),
    ('79250384329', '$2a$10$5P9qZIWH0Rn.3cNxzSPqMeYDt4O0veHUXYrtS6Y7EAp50IfuVjuXe', 1),
    ('76117809888', '$2a$10$5P9qZIWH0Rn.3cNxzSPqMeYDt4O0veHUXYrtS6Y7EAp50IfuVjuXe', 1),
    ('75469252201', '$2a$10$5P9qZIWH0Rn.3cNxzSPqMeYDt4O0veHUXYrtS6Y7EAp50IfuVjuXe', 1),
    ('77685032206', '$2a$10$5P9qZIWH0Rn.3cNxzSPqMeYDt4O0veHUXYrtS6Y7EAp50IfuVjuXe', 1),
    ('79513591890', '$2a$10$5P9qZIWH0Rn.3cNxzSPqMeYDt4O0veHUXYrtS6Y7EAp50IfuVjuXe', 1),
    ('75880177545', '$2a$10$5P9qZIWH0Rn.3cNxzSPqMeYDt4O0veHUXYrtS6Y7EAp50IfuVjuXe', 1),
    ('71284927079', '$2a$10$5P9qZIWH0Rn.3cNxzSPqMeYDt4O0veHUXYrtS6Y7EAp50IfuVjuXe', 1),
    ('75866837479', '$2a$10$5P9qZIWH0Rn.3cNxzSPqMeYDt4O0veHUXYrtS6Y7EAp50IfuVjuXe', 1),
    ('73816021642', '$2a$10$5P9qZIWH0Rn.3cNxzSPqMeYDt4O0veHUXYrtS6Y7EAp50IfuVjuXe', 1),
    ('72420852596', '$2a$10$5P9qZIWH0Rn.3cNxzSPqMeYDt4O0veHUXYrtS6Y7EAp50IfuVjuXe', 1),
    ('70084943345', '$2a$10$5P9qZIWH0Rn.3cNxzSPqMeYDt4O0veHUXYrtS6Y7EAp50IfuVjuXe', 1),
    ('79786259576', '$2a$10$5P9qZIWH0Rn.3cNxzSPqMeYDt4O0veHUXYrtS6Y7EAp50IfuVjuXe', 1),
    ('72713601951', '$2a$10$5P9qZIWH0Rn.3cNxzSPqMeYDt4O0veHUXYrtS6Y7EAp50IfuVjuXe', 1),
    ('78708188753', '$2a$10$5P9qZIWH0Rn.3cNxzSPqMeYDt4O0veHUXYrtS6Y7EAp50IfuVjuXe', 1),
    ('75520467598', '$2a$10$5P9qZIWH0Rn.3cNxzSPqMeYDt4O0veHUXYrtS6Y7EAp50IfuVjuXe', 1),
    ('73970776561', '$2a$10$5P9qZIWH0Rn.3cNxzSPqMeYDt4O0veHUXYrtS6Y7EAp50IfuVjuXe', 1),
    ('74920880251', '$2a$10$5P9qZIWH0Rn.3cNxzSPqMeYDt4O0veHUXYrtS6Y7EAp50IfuVjuXe', 1),
    ('74340551739', '$2a$10$5P9qZIWH0Rn.3cNxzSPqMeYDt4O0veHUXYrtS6Y7EAp50IfuVjuXe', 1),
    ('75545065510', '$2a$10$5P9qZIWH0Rn.3cNxzSPqMeYDt4O0veHUXYrtS6Y7EAp50IfuVjuXe', 1),
    ('78768376067', '$2a$10$5P9qZIWH0Rn.3cNxzSPqMeYDt4O0veHUXYrtS6Y7EAp50IfuVjuXe', 1),
    ('73158428571', '$2a$10$5P9qZIWH0Rn.3cNxzSPqMeYDt4O0veHUXYrtS6Y7EAp50IfuVjuXe', 1),
    ('74095718224', '$2a$10$5P9qZIWH0Rn.3cNxzSPqMeYDt4O0veHUXYrtS6Y7EAp50IfuVjuXe', 1),
    ('73205009553', '$2a$10$5P9qZIWH0Rn.3cNxzSPqMeYDt4O0veHUXYrtS6Y7EAp50IfuVjuXe', 1),
    ('71590517072', '$2a$10$5P9qZIWH0Rn.3cNxzSPqMeYDt4O0veHUXYrtS6Y7EAp50IfuVjuXe', 1),
    ('79620149074', '$2a$10$5P9qZIWH0Rn.3cNxzSPqMeYDt4O0veHUXYrtS6Y7EAp50IfuVjuXe', 1),
    ('79872180294', '$2a$10$5P9qZIWH0Rn.3cNxzSPqMeYDt4O0veHUXYrtS6Y7EAp50IfuVjuXe', 1),
    ('74809806581', '$2a$10$5P9qZIWH0Rn.3cNxzSPqMeYDt4O0veHUXYrtS6Y7EAp50IfuVjuXe', 1),
    ('75982287341', '$2a$10$5P9qZIWH0Rn.3cNxzSPqMeYDt4O0veHUXYrtS6Y7EAp50IfuVjuXe', 1),
    ('78949077626', '$2a$10$5P9qZIWH0Rn.3cNxzSPqMeYDt4O0veHUXYrtS6Y7EAp50IfuVjuXe', 1),
    ('74117145446', '$2a$10$5P9qZIWH0Rn.3cNxzSPqMeYDt4O0veHUXYrtS6Y7EAp50IfuVjuXe', 1),
    ('73192998097', '$2a$10$5P9qZIWH0Rn.3cNxzSPqMeYDt4O0veHUXYrtS6Y7EAp50IfuVjuXe', 1),
    ('75146785906', '$2a$10$5P9qZIWH0Rn.3cNxzSPqMeYDt4O0veHUXYrtS6Y7EAp50IfuVjuXe', 1),
    ('74874307765', '$2a$10$5P9qZIWH0Rn.3cNxzSPqMeYDt4O0veHUXYrtS6Y7EAp50IfuVjuXe', 1),
    ('78492575632', '$2a$10$5P9qZIWH0Rn.3cNxzSPqMeYDt4O0veHUXYrtS6Y7EAp50IfuVjuXe', 1),
    ('71683086027', '$2a$10$5P9qZIWH0Rn.3cNxzSPqMeYDt4O0veHUXYrtS6Y7EAp50IfuVjuXe', 1),
    ('79302442051', '$2a$10$5P9qZIWH0Rn.3cNxzSPqMeYDt4O0veHUXYrtS6Y7EAp50IfuVjuXe', 1),
    ('78338103695', '$2a$10$5P9qZIWH0Rn.3cNxzSPqMeYDt4O0veHUXYrtS6Y7EAp50IfuVjuXe', 1),
    ('74297882569', '$2a$10$5P9qZIWH0Rn.3cNxzSPqMeYDt4O0veHUXYrtS6Y7EAp50IfuVjuXe', 1),
    ('70941002267', '$2a$10$5P9qZIWH0Rn.3cNxzSPqMeYDt4O0veHUXYrtS6Y7EAp50IfuVjuXe', 1),
    ('78114632690', '$2a$10$5P9qZIWH0Rn.3cNxzSPqMeYDt4O0veHUXYrtS6Y7EAp50IfuVjuXe', 1),
    ('78461355753', '$2a$10$5P9qZIWH0Rn.3cNxzSPqMeYDt4O0veHUXYrtS6Y7EAp50IfuVjuXe', 1),
    ('78822832048', '$2a$10$5P9qZIWH0Rn.3cNxzSPqMeYDt4O0veHUXYrtS6Y7EAp50IfuVjuXe', 1),
    ('78865527174', '$2a$10$5P9qZIWH0Rn.3cNxzSPqMeYDt4O0veHUXYrtS6Y7EAp50IfuVjuXe', 1),
    ('76000017984', '$2a$10$5P9qZIWH0Rn.3cNxzSPqMeYDt4O0veHUXYrtS6Y7EAp50IfuVjuXe', 1),
    ('76317212106', '$2a$10$5P9qZIWH0Rn.3cNxzSPqMeYDt4O0veHUXYrtS6Y7EAp50IfuVjuXe', 1),
    ('70747637133', '$2a$10$5P9qZIWH0Rn.3cNxzSPqMeYDt4O0veHUXYrtS6Y7EAp50IfuVjuXe', 1),
    ('79511634810', '$2a$10$5P9qZIWH0Rn.3cNxzSPqMeYDt4O0veHUXYrtS6Y7EAp50IfuVjuXe', 1),
    ('70011223292', '$2a$10$5P9qZIWH0Rn.3cNxzSPqMeYDt4O0veHUXYrtS6Y7EAp50IfuVjuXe', 1),
    ('73621717122', '$2a$10$5P9qZIWH0Rn.3cNxzSPqMeYDt4O0veHUXYrtS6Y7EAp50IfuVjuXe', 1),
    ('72091333350', '$2a$10$5P9qZIWH0Rn.3cNxzSPqMeYDt4O0veHUXYrtS6Y7EAp50IfuVjuXe', 1),
    ('74575394704', '$2a$10$5P9qZIWH0Rn.3cNxzSPqMeYDt4O0veHUXYrtS6Y7EAp50IfuVjuXe', 1),
    ('70669903479', '$2a$10$5P9qZIWH0Rn.3cNxzSPqMeYDt4O0veHUXYrtS6Y7EAp50IfuVjuXe', 1),
    ('76925810652', '$2a$10$5P9qZIWH0Rn.3cNxzSPqMeYDt4O0veHUXYrtS6Y7EAp50IfuVjuXe', 1),
    ('79521666724', '$2a$10$5P9qZIWH0Rn.3cNxzSPqMeYDt4O0veHUXYrtS6Y7EAp50IfuVjuXe', 1),
    ('72549118524', '$2a$10$5P9qZIWH0Rn.3cNxzSPqMeYDt4O0veHUXYrtS6Y7EAp50IfuVjuXe', 1),
    ('74489713027', '$2a$10$5P9qZIWH0Rn.3cNxzSPqMeYDt4O0veHUXYrtS6Y7EAp50IfuVjuXe', 1),
    ('70917458732', '$2a$10$5P9qZIWH0Rn.3cNxzSPqMeYDt4O0veHUXYrtS6Y7EAp50IfuVjuXe', 1),
    ('70673185848', '$2a$10$5P9qZIWH0Rn.3cNxzSPqMeYDt4O0veHUXYrtS6Y7EAp50IfuVjuXe', 1),
    ('71496243631', '$2a$10$5P9qZIWH0Rn.3cNxzSPqMeYDt4O0veHUXYrtS6Y7EAp50IfuVjuXe', 1),
    ('76780382166', '$2a$10$5P9qZIWH0Rn.3cNxzSPqMeYDt4O0veHUXYrtS6Y7EAp50IfuVjuXe', 1),
    ('76806644178', '$2a$10$5P9qZIWH0Rn.3cNxzSPqMeYDt4O0veHUXYrtS6Y7EAp50IfuVjuXe', 1),
    ('76991394739', '$2a$10$5P9qZIWH0Rn.3cNxzSPqMeYDt4O0veHUXYrtS6Y7EAp50IfuVjuXe', 1),
    ('79610079306', '$2a$10$5P9qZIWH0Rn.3cNxzSPqMeYDt4O0veHUXYrtS6Y7EAp50IfuVjuXe', 1),
    ('78957522414', '$2a$10$5P9qZIWH0Rn.3cNxzSPqMeYDt4O0veHUXYrtS6Y7EAp50IfuVjuXe', 1),
    ('74622957293', '$2a$10$5P9qZIWH0Rn.3cNxzSPqMeYDt4O0veHUXYrtS6Y7EAp50IfuVjuXe', 1),
    ('76566567966', '$2a$10$5P9qZIWH0Rn.3cNxzSPqMeYDt4O0veHUXYrtS6Y7EAp50IfuVjuXe', 1),
    ('76579457103', '$2a$10$5P9qZIWH0Rn.3cNxzSPqMeYDt4O0veHUXYrtS6Y7EAp50IfuVjuXe', 1),
    ('79834915121', '$2a$10$5P9qZIWH0Rn.3cNxzSPqMeYDt4O0veHUXYrtS6Y7EAp50IfuVjuXe', 1),
    ('79192420941', '$2a$10$5P9qZIWH0Rn.3cNxzSPqMeYDt4O0veHUXYrtS6Y7EAp50IfuVjuXe', 1),
    ('74862236606', '$2a$10$5P9qZIWH0Rn.3cNxzSPqMeYDt4O0veHUXYrtS6Y7EAp50IfuVjuXe', 1),
    ('73256887543', '$2a$10$5P9qZIWH0Rn.3cNxzSPqMeYDt4O0veHUXYrtS6Y7EAp50IfuVjuXe', 1),
    ('70620643879', '$2a$10$5P9qZIWH0Rn.3cNxzSPqMeYDt4O0veHUXYrtS6Y7EAp50IfuVjuXe', 1),
    ('70111286867', '$2a$10$5P9qZIWH0Rn.3cNxzSPqMeYDt4O0veHUXYrtS6Y7EAp50IfuVjuXe', 1),
    ('77766196803', '$2a$10$5P9qZIWH0Rn.3cNxzSPqMeYDt4O0veHUXYrtS6Y7EAp50IfuVjuXe', 1),
    ('75496581999', '$2a$10$5P9qZIWH0Rn.3cNxzSPqMeYDt4O0veHUXYrtS6Y7EAp50IfuVjuXe', 1),
    ('72161670488', '$2a$10$5P9qZIWH0Rn.3cNxzSPqMeYDt4O0veHUXYrtS6Y7EAp50IfuVjuXe', 1),
    ('76230571882', '$2a$10$5P9qZIWH0Rn.3cNxzSPqMeYDt4O0veHUXYrtS6Y7EAp50IfuVjuXe', 1),
    ('77993862485', '$2a$10$5P9qZIWH0Rn.3cNxzSPqMeYDt4O0veHUXYrtS6Y7EAp50IfuVjuXe', 1),
    ('71422747839', '$2a$10$5P9qZIWH0Rn.3cNxzSPqMeYDt4O0veHUXYrtS6Y7EAp50IfuVjuXe', 1),
    ('75578334030', '$2a$10$5P9qZIWH0Rn.3cNxzSPqMeYDt4O0veHUXYrtS6Y7EAp50IfuVjuXe', 1),
    ('74569310247', '$2a$10$5P9qZIWH0Rn.3cNxzSPqMeYDt4O0veHUXYrtS6Y7EAp50IfuVjuXe', 1),
    ('78020825215', '$2a$10$5P9qZIWH0Rn.3cNxzSPqMeYDt4O0veHUXYrtS6Y7EAp50IfuVjuXe', 1),
    ('73115371971', '$2a$10$5P9qZIWH0Rn.3cNxzSPqMeYDt4O0veHUXYrtS6Y7EAp50IfuVjuXe', 1),
    ('75140657469', '$2a$10$5P9qZIWH0Rn.3cNxzSPqMeYDt4O0veHUXYrtS6Y7EAp50IfuVjuXe', 1),
    ('71238475591', '$2a$10$5P9qZIWH0Rn.3cNxzSPqMeYDt4O0veHUXYrtS6Y7EAp50IfuVjuXe', 1),
    ('78589611187', '$2a$10$5P9qZIWH0Rn.3cNxzSPqMeYDt4O0veHUXYrtS6Y7EAp50IfuVjuXe', 1),
    ('73555660118', '$2a$10$5P9qZIWH0Rn.3cNxzSPqMeYDt4O0veHUXYrtS6Y7EAp50IfuVjuXe', 1),
    ('71022259303', '$2a$10$5P9qZIWH0Rn.3cNxzSPqMeYDt4O0veHUXYrtS6Y7EAp50IfuVjuXe', 1),
    ('77975620081', '$2a$10$5P9qZIWH0Rn.3cNxzSPqMeYDt4O0veHUXYrtS6Y7EAp50IfuVjuXe', 1),
    ('76431748396', '$2a$10$5P9qZIWH0Rn.3cNxzSPqMeYDt4O0veHUXYrtS6Y7EAp50IfuVjuXe', 1),
    ('77030832341', '$2a$10$5P9qZIWH0Rn.3cNxzSPqMeYDt4O0veHUXYrtS6Y7EAp50IfuVjuXe', 1),
    ('75970196735', '$2a$10$5P9qZIWH0Rn.3cNxzSPqMeYDt4O0veHUXYrtS6Y7EAp50IfuVjuXe', 1),
    ('78559585294', '$2a$10$5P9qZIWH0Rn.3cNxzSPqMeYDt4O0veHUXYrtS6Y7EAp50IfuVjuXe', 1),
    ('78246729099', '$2a$10$5P9qZIWH0Rn.3cNxzSPqMeYDt4O0veHUXYrtS6Y7EAp50IfuVjuXe', 1),
    ('74520506253', '$2a$10$5P9qZIWH0Rn.3cNxzSPqMeYDt4O0veHUXYrtS6Y7EAp50IfuVjuXe', 1),
    ('77691158236', '$2a$10$5P9qZIWH0Rn.3cNxzSPqMeYDt4O0veHUXYrtS6Y7EAp50IfuVjuXe', 1),
    ('73375055092', '$2a$10$5P9qZIWH0Rn.3cNxzSPqMeYDt4O0veHUXYrtS6Y7EAp50IfuVjuXe', 1);

INSERT INTO clients (number, balance, tariff_id, operations_count)
VALUES
    ('78240243824', 3498, 11, 0),
    ('77364686614', 39160, 11, 0),
    ('71278746291', 17172, 82, 0),
    ('72579044319', 40398, 3, 0),
    ('71262204359', 41396, 6, 0),
    ('73105196568', 16617, 6, 0),
    ('76719910842', 26148, 82, 0),
    ('76626529919', 37653, 3, 0),
    ('70424010600', 30322, 11, 0),
    ('71742121013', 33305, 82, 0),
    ('79482935490', -5163, 11, 0),
    ('71339406767', 25376, 6, 0),
    ('71993364312', 44105, 6, 0),
    ('73493924408', 53308, 82, 0),
    ('74071980329', 43082, 6, 0),
    ('71135409848', -317, 82, 0),
    ('72594628393', 24443, 82, 0),
    ('79390267236', 32702, 6, 0),
    ('74646513512', 26438, 82, 0),
    ('78636080422', 35806, 3, 0),
    ('72014994895', 27869, 11, 0),
    ('70865558114', 35751, 82, 0),
    ('71344900068', 24506, 11, 0),
    ('70085357412', 41674, 6, 0),
    ('75826485082', 26854, 3, 0),
    ('78792234296', 22006, 6, 0),
    ('73658083951', 14671, 11, 0),
    ('74059774855', -708, 3, 0),
    ('74843779603', 18566, 82, 0),
    ('75445054451', 32838, 11, 0),
    ('77568907806', 34267, 11, 0),
    ('79203981071', 29079, 6, 0),
    ('75485986179', 51184, 3, 0),
    ('72345538903', 39069, 6, 0),
    ('76245357513', 45450, 3, 0),
    ('74177956988', 3506, 11, 0),
    ('76334656616', 19677, 82, 0),
    ('70216551018', 28566, 82, 0),
    ('74125448532', 35391, 6, 0),
    ('75864167796', 47280, 6, 0),
    ('74694051288', 19783, 82, 0),
    ('79038490380', 15976, 6, 0),
    ('72514746492', 43775, 6, 0),
    ('75525555145', 28559, 3, 0),
    ('77284032797', 33443, 82, 0),
    ('77290895154', 19077, 3, 0),
    ('77462065757', 28678, 82, 0),
    ('70330249494', 33849, 11, 0),
    ('74963874549', 17308, 6, 0),
    ('78894293104', 37173, 11, 0),
    ('78758356340', 10381, 6, 0),
    ('76477055835', 10525, 3, 0),
    ('71235304864', 47386, 11, 0),
    ('70058963684', 33705, 82, 0),
    ('77009143930', 22497, 11, 0),
    ('74070540475', 35688, 11, 0),
    ('79032524172', 30837, 3, 0),
    ('78818610726', 27790, 3, 0),
    ('77739769833', 49453, 82, 0),
    ('74123497176', 51300, 82, 0),
    ('75170338923', 14432, 11, 0),
    ('73870803850', 13742, 82, 0),
    ('70813348129', 21443, 82, 0),
    ('79119785245', 31000, 6, 0),
    ('73727617495', 32741, 82, 0),
    ('79756971700', 34701, 82, 0),
    ('75042149282', 25441, 6, 0),
    ('77335118663', 21344, 82, 0),
    ('72525289445', 36981, 11, 0),
    ('71864238781', 29253, 3, 0),
    ('73961679350', 27153, 82, 0),
    ('71027902820', 25964, 11, 0),
    ('79941780090', 29304, 6, 0),
    ('75731804734', 11999, 3, 0),
    ('74141166951', 28703, 11, 0),
    ('77079250509', 30665, 11, 0),
    ('72548660397', 37972, 11, 0),
    ('74084038357', 16916, 3, 0),
    ('71704326442', 41590, 3, 0),
    ('72232880123', 30622, 11, 0),
    ('72833963150', 23416, 82, 0),
    ('74292464537', 39363, 82, 0),
    ('76170690622', 43072, 3, 0),
    ('75997519910', 18281, 6, 0),
    ('79412792810', 40208, 3, 0),
    ('73538008877', 17914, 3, 0),
    ('78347328239', 17524, 11, 0),
    ('73776365954', 24629, 11, 0),
    ('74190566701', 47876, 3, 0),
    ('79980427674', -10857, 82, 0),
    ('78399407868', 25713, 6, 0),
    ('77174005886', 25539, 6, 0),
    ('75024713796', 28695, 82, 0),
    ('71578979246', 37239, 82, 0),
    ('78695976263', -10825, 6, 0),
    ('71319389228', 25983, 3, 0),
    ('76279120202', 27699, 11, 0),
    ('77868663275', 20721, 3, 0),
    ('73026229888', 27464, 6, 0),
    ('70462040915', 16554, 6, 0),
    ('79694125076', 47225, 82, 0),
    ('76803276304', 34862, 6, 0),
    ('79389596792', 40267, 3, 0),
    ('77057549288', 34663, 3, 0),
    ('77094926859', 21613, 11, 0),
    ('76668517533', 19246, 11, 0),
    ('71716561909', 20464, 82, 0),
    ('79200993242', 27378, 82, 0),
    ('74225201109', 42678, 11, 0),
    ('76928229507', 11367, 6, 0),
    ('74019774282', -8817, 6, 0),
    ('78740738166', 7213, 6, 0),
    ('78293550638', 27403, 6, 0),
    ('78116342720', 4650, 82, 0),
    ('70180797555', 26322, 3, 0),
    ('74708967627', 6604, 11, 0),
    ('72121428072', 41355, 3, 0),
    ('72367003703', 32689, 82, 0),
    ('75537712224', 30732, 82, 0),
    ('74667903435', 28301, 6, 0),
    ('77881581625', 37028, 82, 0),
    ('70134075584', 25862, 82, 0),
    ('71684593380', 23326, 11, 0),
    ('73406724486', 27144, 3, 0),
    ('75935053908', 10373, 82, 0),
    ('71615836572', 38536, 3, 0),
    ('71361548404', 21128, 11, 0),
    ('79112559019', 65673, 82, 0),
    ('75645217700', 43997, 82, 0),
    ('79377689554', 9530, 82, 0),
    ('73448832935', 14599, 6, 0),
    ('78500387873', 8654, 6, 0),
    ('70462056364', 22145, 11, 0),
    ('79298168357', 14636, 11, 0),
    ('79495569591', 52511, 11, 0),
    ('77417622569', 28280, 82, 0),
    ('79126869667', 25613, 11, 0),
    ('71266594668', 41052, 82, 0),
    ('76136611982', 27112, 82, 0),
    ('73459811164', 18688, 11, 0),
    ('71984666791', 52157, 82, 0),
    ('78089456733', 31696, 6, 0),
    ('70989057569', 30910, 6, 0),
    ('71383677404', 25121, 3, 0),
    ('76698073463', 44503, 82, 0),
    ('71004110775', 51175, 6, 0),
    ('76065434779', 25170, 11, 0),
    ('74247166742', 20000, 6, 0),
    ('79619298113', 36349, 3, 0),
    ('77279346854', 11228, 6, 0),
    ('76775056060', 21364, 6, 0),
    ('73148673984', 20615, 3, 0),
    ('78071991361', 20840, 6, 0),
    ('70384834525', 35455, 3, 0),
    ('72345834825', 32819, 11, 0),
    ('74145384720', 25641, 6, 0),
    ('70044576097', 23463, 82, 0),
    ('74403047834', 27181, 82, 0),
    ('72741563946', 6503, 3, 0),
    ('74121872036', 42031, 82, 0),
    ('78332757022', 28738, 11, 0),
    ('74822045332', 54482, 82, 0),
    ('70918094270', 30411, 6, 0),
    ('75930060469', 25699, 3, 0),
    ('70365588899', 11281, 6, 0),
    ('79412361531', 46777, 11, 0),
    ('70226393735', 15940, 11, 0),
    ('78456806611', 26804, 3, 0),
    ('78084266585', 43328, 82, 0),
    ('74773158662', -5962, 11, 0),
    ('72036711110', 29848, 3, 0),
    ('75392422104', 45576, 6, 0),
    ('73727696823', 18485, 82, 0),
    ('75762003124', 25363, 6, 0),
    ('70525565125', 26754, 82, 0),
    ('70439139056', 38081, 6, 0),
    ('74997336990', 17829, 82, 0),
    ('79735238585', 25723, 82, 0),
    ('71282693304', 61075, 11, 0),
    ('75327660722', 25073, 6, 0),
    ('75581431531', 29361, 6, 0),
    ('71103082096', 25356, 3, 0),
    ('79416374018', 4981, 3, 0),
    ('75837301125', -6923, 3, 0),
    ('75368506301', 16648, 3, 0),
    ('73128680415', 36190, 6, 0),
    ('78662776975', 21368, 3, 0),
    ('71503531649', 32152, 6, 0),
    ('77076232815', 33421, 3, 0),
    ('71532812716', 42742, 11, 0),
    ('73584006991', 18099, 82, 0),
    ('74669752004', 47996, 11, 0),
    ('70334303068', 8897, 11, 0),
    ('73308245162', 7151, 82, 0),
    ('77326938917', 40896, 82, 0),
    ('75394712122', 31331, 11, 0),
    ('73556635943', 31898, 82, 0),
    ('73570768017', 41542, 3, 0),
    ('72510638790', 36753, 82, 0),
    ('75061935499', 19949, 6, 0),
    ('79671401306', -1896, 11, 0),
    ('72334866162', 52297, 11, 0),
    ('74904268671', 34845, 6, 0),
    ('72393352507', 1370, 82, 0),
    ('75211086916', 36070, 11, 0),
    ('71188505609', 49411, 3, 0),
    ('74520939220', 17971, 11, 0),
    ('72204999292', 57311, 82, 0),
    ('72404998776', 9336, 6, 0),
    ('74469061084', 12234, 82, 0),
    ('72273206416', 51059, 82, 0),
    ('78768681312', 52947, 3, 0),
    ('73482220713', 1639, 3, 0),
    ('73706424062', 14616, 11, 0),
    ('78259678299', 36871, 82, 0),
    ('76754610773', 40409, 82, 0),
    ('73624408819', 24395, 11, 0),
    ('70591720035', 25597, 6, 0),
    ('78212559236', 28145, 6, 0),
    ('79235122118', 32511, 3, 0),
    ('75273131706', 26114, 11, 0),
    ('72940875911', 3800, 3, 0),
    ('76367304275', 14681, 11, 0),
    ('79453905711', 52105, 11, 0),
    ('75743270703', 44632, 3, 0),
    ('75983042125', 25195, 3, 0),
    ('74913669416', 21392, 3, 0),
    ('72380721411', 36225, 3, 0),
    ('72262598260', 49877, 11, 0),
    ('77481481732', 26532, 3, 0),
    ('72222149406', 6072, 6, 0),
    ('76463527338', 45011, 3, 0),
    ('70482000296', 42649, 3, 0),
    ('77451321187', 14960, 6, 0),
    ('79249711500', 42665, 3, 0),
    ('76845758434', 18229, 11, 0),
    ('77467598803', 62414, 11, 0),
    ('79299230037', 23138, 82, 0),
    ('79618244816', -7248, 82, 0),
    ('73208053605', 37052, 6, 0),
    ('71341547525', 35637, 3, 0),
    ('70010477961', 37397, 6, 0),
    ('78515641861', 32818, 11, 0),
    ('79695746233', 35620, 11, 0),
    ('74674116997', 28806, 6, 0),
    ('73542210112', 23288, 6, 0),
    ('74301700673', 27554, 6, 0),
    ('72177904830', 32575, 11, 0),
    ('77948984102', 22957, 82, 0),
    ('75115743960', 29709, 6, 0),
    ('78936324811', 50517, 3, 0),
    ('73483786276', 36594, 11, 0),
    ('70585722585', 2028, 6, 0),
    ('70801179455', 24254, 11, 0),
    ('74827492151', 17444, 82, 0),
    ('71194690774', 42466, 82, 0),
    ('76157538200', -10127, 82, 0),
    ('71918150470', 28971, 6, 0),
    ('79223838000', 66873, 6, 0),
    ('73957000525', 4762, 3, 0),
    ('72859616810', 26311, 82, 0),
    ('74579274159', 12621, 11, 0),
    ('75044671790', 36915, 3, 0),
    ('79733083621', 18962, 82, 0),
    ('73949644668', 34928, 82, 0),
    ('79301224062', 19368, 11, 0),
    ('71240247173', 36696, 82, 0),
    ('73888070310', 16591, 3, 0),
    ('71564505279', 29756, 82, 0),
    ('78162389210', 5841, 82, 0),
    ('75163392903', 32751, 6, 0),
    ('72525359592', 53617, 11, 0),
    ('78532681371', 56949, 3, 0),
    ('72924700735', 41691, 3, 0),
    ('76447536347', 41348, 3, 0),
    ('73943074472', 81688, 6, 0),
    ('74661831037', 29359, 82, 0),
    ('78897019464', 11684, 82, 0),
    ('79000386516', 5905, 6, 0),
    ('70025150931', 44088, 3, 0),
    ('79776052513', 26832, 82, 0),
    ('70910229090', 35549, 11, 0),
    ('77114605413', 26865, 3, 0),
    ('75756089520', 32750, 11, 0),
    ('79952902511', 37036, 11, 0),
    ('72540356046', 31933, 82, 0),
    ('73659239916', 33123, 3, 0),
    ('72192236329', 31288, 11, 0),
    ('75735166128', 32203, 11, 0),
    ('75403828912', 17913, 11, 0),
    ('75049810707', 32467, 6, 0),
    ('79407469951', 21554, 11, 0),
    ('74006783020', 25898, 3, 0),
    ('70749780021', 20073, 11, 0),
    ('70529600394', 27410, 11, 0),
    ('74428605124', 42229, 6, 0),
    ('75940330523', 66874, 82, 0),
    ('79281869009', 2337, 11, 0),
    ('75638830696', 57957, 11, 0),
    ('70743027680', 37701, 6, 0),
    ('78136877900', 37437, 6, 0),
    ('72745025794', 57428, 82, 0),
    ('78915642615', 31626, 6, 0),
    ('79625676364', 33688, 3, 0),
    ('71319573859', 17394, 82, 0),
    ('70152378926', 13002, 11, 0),
    ('77140412737', 39965, 6, 0),
    ('77679621182', 74867, 11, 0),
    ('76031388496', 27855, 82, 0),
    ('70374133184', 29993, 6, 0),
    ('74688482362', 13257, 6, 0),
    ('74533446408', 55744, 6, 0),
    ('70166009180', 24904, 3, 0),
    ('75932135379', 46680, 3, 0),
    ('79969879876', 52892, 3, 0),
    ('75339176718', 23143, 3, 0),
    ('70592940260', 56594, 82, 0),
    ('73057295807', 34242, 3, 0),
    ('76787052394', 47230, 11, 0),
    ('71491735521', 21267, 6, 0),
    ('71312062263', 23760, 82, 0),
    ('79533708460', 26422, 6, 0),
    ('75969062771', 28202, 3, 0),
    ('77722038995', 15545, 11, 0),
    ('74768281515', 43293, 3, 0),
    ('77767052208', 10582, 6, 0),
    ('76386193454', 43852, 11, 0),
    ('74152465680', 42846, 11, 0),
    ('72167548426', 17767, 11, 0),
    ('70872094990', 36857, 82, 0),
    ('70740932244', -1298, 3, 0),
    ('74365502107', 32770, 82, 0),
    ('74970153652', 35296, 82, 0),
    ('74223628099', 11402, 3, 0),
    ('77447481849', 14021, 11, 0),
    ('70748900048', 30680, 82, 0),
    ('77887087848', 18426, 6, 0),
    ('77991770667', 34222, 3, 0),
    ('73124610283', 40056, 82, 0),
    ('72929887053', 27774, 3, 0),
    ('78697542813', 37870, 3, 0),
    ('75964799569', 51853, 11, 0),
    ('75751836917', 46432, 6, 0),
    ('70352249166', 38564, 11, 0),
    ('72375608424', 55302, 82, 0),
    ('75038287086', 12893, 3, 0),
    ('70031853707', 48795, 3, 0),
    ('70547415785', 847, 11, 0),
    ('75621091509', 41058, 6, 0),
    ('73771676910', 30987, 11, 0),
    ('79149567734', 14976, 82, 0),
    ('76602558196', 18709, 11, 0),
    ('76620586407', 42933, 11, 0),
    ('79638049254', 30088, 6, 0),
    ('78085611370', 29105, 6, 0),
    ('73330472688', 24088, 6, 0),
    ('75831260649', 46042, 82, 0),
    ('75806571178', 32033, 11, 0),
    ('78995309134', 15859, 82, 0),
    ('71983016873', 23605, 3, 0),
    ('77328436806', 20771, 6, 0),
    ('70287323395', 16626, 82, 0),
    ('74188075782', 12661, 82, 0),
    ('73228328817', 46413, 6, 0),
    ('78306094218', 14284, 11, 0),
    ('77239506807', 29744, 6, 0),
    ('70648062593', 19596, 11, 0),
    ('72725908869', 22208, 11, 0),
    ('77607632370', 25941, 3, 0),
    ('71069736186', 37141, 6, 0),
    ('75958416526', 16815, 82, 0),
    ('72510663677', 28025, 6, 0),
    ('79453599030', 19798, 82, 0),
    ('78359349313', 14488, 11, 0),
    ('76934047486', 21056, 82, 0),
    ('76602648456', 19947, 6, 0),
    ('78986256203', 32619, 3, 0),
    ('79094131223', 24623, 3, 0),
    ('76985110810', 22099, 11, 0),
    ('74562582008', 2485, 6, 0),
    ('72774120032', 31244, 6, 0),
    ('71715852090', 37201, 3, 0),
    ('76901214819', 45568, 6, 0),
    ('78138956369', 46599, 11, 0),
    ('78261923721', 59410, 3, 0),
    ('71322446989', 4213, 11, 0),
    ('77521350446', 24038, 11, 0),
    ('72571999668', 7107, 6, 0),
    ('78539772936', 51132, 3, 0),
    ('77371259446', 24520, 6, 0),
    ('73732580418', 33140, 3, 0),
    ('76963166472', 14084, 6, 0),
    ('73328607419', 22975, 3, 0),
    ('74684009081', 29033, 6, 0),
    ('71458606923', 23566, 11, 0),
    ('71639986201', 42010, 3, 0),
    ('78105928161', 49261, 82, 0),
    ('76435503296', 55884, 6, 0),
    ('74669919112', 4405, 6, 0),
    ('75786234860', 40971, 82, 0),
    ('73103449238', -85, 11, 0),
    ('76168680368', 45319, 82, 0),
    ('77923274040', 11601, 11, 0),
    ('71706730578', 19383, 3, 0),
    ('79336846189', 75366, 3, 0),
    ('71771648240', 32996, 82, 0),
    ('75630441043', 36826, 11, 0),
    ('72452281693', 22261, 3, 0),
    ('71632882622', 22719, 3, 0),
    ('76591235427', 26987, 82, 0),
    ('75867233576', 34762, 6, 0),
    ('79722331276', 18738, 11, 0),
    ('70036060835', 39405, 82, 0),
    ('74269634057', 7396, 3, 0),
    ('77553897655', 48025, 3, 0),
    ('73491237180', 26011, 6, 0),
    ('75408497058', 30024, 3, 0),
    ('72561125067', 22543, 3, 0),
    ('78879540477', 26704, 3, 0),
    ('78722756870', 45663, 11, 0),
    ('71233721299', 12669, 3, 0),
    ('70364660118', 37572, 82, 0),
    ('79685381764', 40980, 82, 0),
    ('74191819307', 24200, 82, 0),
    ('74143665649', 55518, 6, 0),
    ('71471434007', 40276, 6, 0),
    ('78984699181', 56076, 3, 0),
    ('75506439392', 22143, 11, 0),
    ('72198735146', 14913, 6, 0),
    ('72891719414', 66934, 82, 0),
    ('75364948092', 53109, 82, 0),
    ('73176782776', 16537, 11, 0),
    ('71367324978', 25319, 82, 0),
    ('77493517268', 21469, 6, 0),
    ('72426810844', 53134, 82, 0),
    ('78893277844', 20890, 6, 0),
    ('72713667081', 15208, 6, 0),
    ('79356438973', 22237, 11, 0),
    ('77799584629', 23741, 3, 0),
    ('77076815211', 57345, 11, 0),
    ('78381244618', 28376, 11, 0),
    ('76300125246', 32334, 3, 0),
    ('78207602734', 41092, 6, 0),
    ('76178665355', 43752, 82, 0),
    ('77355976777', 53078, 82, 0),
    ('77696684359', 11854, 3, 0),
    ('78468552661', 38963, 11, 0),
    ('73941189088', 20933, 6, 0),
    ('76414408091', 51392, 3, 0),
    ('71551616157', 39872, 82, 0),
    ('73384836393', 36194, 82, 0),
    ('74757175060', 45380, 11, 0),
    ('71419781968', 19889, 82, 0),
    ('75048142688', 26216, 11, 0),
    ('73373615168', 23893, 82, 0),
    ('71851090907', 26292, 6, 0),
    ('79405271669', 11071, 3, 0),
    ('79346952391', 35446, 3, 0),
    ('71966722706', 48610, 6, 0),
    ('73548233804', 19528, 82, 0),
    ('71599471602', 29226, 6, 0),
    ('78402315966', 21679, 82, 0),
    ('73995008178', 48293, 11, 0),
    ('70293107792', 23150, 6, 0),
    ('72375236367', 36699, 3, 0),
    ('77615739495', 45133, 6, 0),
    ('78358878763', 39682, 82, 0),
    ('75617632094', 25666, 82, 0),
    ('76903218478', 4631, 6, 0),
    ('74131243969', -11003, 11, 0),
    ('78097012114', 34221, 82, 0),
    ('72374785835', 36493, 11, 0),
    ('79915360663', 24540, 82, 0),
    ('72427405763', 15069, 11, 0),
    ('71081106767', 38323, 6, 0),
    ('72263360986', 53671, 3, 0),
    ('79860632732', 24936, 82, 0),
    ('70666305543', 19150, 3, 0),
    ('78952790340', 37462, 6, 0),
    ('78580268544', 41702, 11, 0),
    ('79781009023', 31327, 82, 0),
    ('77244766089', 34484, 82, 0),
    ('77903720982', 45837, 3, 0),
    ('70487128267', 37005, 6, 0),
    ('70616604857', 23677, 82, 0),
    ('77963039355', 8737, 3, 0),
    ('72360258134', 39207, 11, 0),
    ('70241160299', 6129, 6, 0),
    ('73367911478', 14827, 82, 0),
    ('79440674462', 26135, 6, 0),
    ('79230861755', -2918, 3, 0),
    ('78738544663', 13128, 6, 0),
    ('78787241306', 30553, 6, 0),
    ('73102108878', 65658, 82, 0),
    ('79955094602', 46045, 82, 0),
    ('71239127898', 41358, 11, 0),
    ('77951455525', 39970, 6, 0),
    ('78132808157', 27867, 11, 0),
    ('76446496517', 34690, 11, 0),
    ('72939500952', 22866, 6, 0),
    ('71073746081', 17626, 6, 0),
    ('72016214121', 22628, 11, 0),
    ('75313547044', 34830, 82, 0),
    ('70420774627', 37885, 6, 0),
    ('74609607530', 29526, 82, 0),
    ('76649243064', 15103, 11, 0),
    ('72895866114', 41390, 3, 0),
    ('72967140935', 44507, 6, 0),
    ('71300791309', 30165, 82, 0),
    ('76214410886', 38523, 11, 0),
    ('73207256643', 38109, 82, 0),
    ('77754785252', 33128, 6, 0),
    ('77426985200', 21213, 6, 0),
    ('72593019936', 58017, 82, 0),
    ('77702054968', 44086, 6, 0),
    ('72228692717', 26069, 6, 0),
    ('75944469446', 26481, 82, 0),
    ('78098862566', 26866, 11, 0),
    ('70860632658', 51989, 82, 0),
    ('78518290964', 38793, 3, 0),
    ('72209752403', 26953, 3, 0),
    ('71699099516', 37368, 11, 0),
    ('70268686983', 27703, 11, 0),
    ('73133384193', 43823, 82, 0),
    ('74974483869', 37926, 6, 0),
    ('79266021248', 49302, 3, 0),
    ('73121923788', 7743, 6, 0),
    ('78750945262', 39971, 82, 0),
    ('76378351032', 38077, 6, 0),
    ('72532138535', 44795, 3, 0),
    ('77523294035', 34099, 3, 0),
    ('74310192506', 23810, 11, 0),
    ('70878307123', 56323, 3, 0),
    ('72818332882', 27295, 3, 0),
    ('78345880966', 8920, 3, 0),
    ('75313998685', 29557, 3, 0),
    ('77140192721', 46445, 11, 0),
    ('76965322362', 48735, 6, 0),
    ('72345973463', 21901, 3, 0),
    ('74700631026', 957, 11, 0),
    ('72350937456', 35373, 11, 0),
    ('74635382146', 29973, 6, 0),
    ('72639777017', 74184, 3, 0),
    ('70808796221', 15210, 82, 0),
    ('75393432308', 58543, 6, 0),
    ('72786130907', 27997, 11, 0),
    ('71617384460', 50481, 6, 0),
    ('73816265120', 45552, 6, 0),
    ('73110116925', 45960, 3, 0),
    ('72418525886', 44125, 11, 0),
    ('78858885531', 27737, 11, 0),
    ('79868008428', 13458, 6, 0),
    ('70617564369', 10825, 3, 0),
    ('78811179715', 18315, 6, 0),
    ('72396182999', 15598, 3, 0),
    ('70265694017', 36409, 82, 0),
    ('72119829872', 48748, 11, 0),
    ('78354636460', 36575, 3, 0),
    ('70236093237', 70832, 82, 0),
    ('74877127097', 45101, 11, 0),
    ('74739129805', 1935, 3, 0),
    ('76682292266', 12019, 3, 0),
    ('77412170909', 11557, 82, 0),
    ('74587565120', 11984, 3, 0),
    ('79205305559', 43184, 3, 0),
    ('73188558532', 32928, 82, 0),
    ('73153766551', 28097, 3, 0),
    ('74762341544', 23826, 3, 0),
    ('70258970703', 45354, 11, 0),
    ('70074170199', 65256, 82, 0),
    ('71007311257', 41977, 6, 0),
    ('70714906543', 12108, 82, 0),
    ('72728934732', 7626, 11, 0),
    ('76776566072', 38189, 3, 0),
    ('72135132280', 30825, 82, 0),
    ('78801584619', 15111, 6, 0),
    ('72852889871', 33871, 82, 0),
    ('75710889340', 28385, 3, 0),
    ('77483485563', 5186, 6, 0),
    ('74283787201', 25375, 82, 0),
    ('79115355737', 33598, 82, 0),
    ('70721395698', 41765, 3, 0),
    ('74505838455', -8071, 11, 0),
    ('77615169881', 20052, 6, 0),
    ('79851078698', 46248, 11, 0),
    ('79294340067', 22481, 3, 0),
    ('74871723386', 26882, 6, 0),
    ('78632297446', 24240, 82, 0),
    ('70335831817', 38602, 11, 0),
    ('70669204245', 42285, 11, 0),
    ('79294042838', 39406, 6, 0),
    ('73260965412', 20101, 3, 0),
    ('72634380030', 49766, 82, 0),
    ('70072951320', 29636, 3, 0),
    ('76149575572', 32717, 11, 0),
    ('75725562828', 29537, 82, 0),
    ('76493184990', 13603, 82, 0),
    ('73659172322', 38081, 82, 0),
    ('75177322634', 59600, 3, 0),
    ('78568301781', 45436, 6, 0),
    ('70171527390', 55883, 82, 0),
    ('76725589589', 23450, 6, 0),
    ('74753028580', 15574, 6, 0),
    ('73080499652', 47123, 6, 0),
    ('74777478025', 19638, 3, 0),
    ('75227548283', 45086, 3, 0),
    ('73320489500', 21967, 82, 0),
    ('72688535568', 36766, 82, 0),
    ('73640427478', 39785, 3, 0),
    ('79389052822', 56316, 11, 0),
    ('70999650917', 29991, 82, 0),
    ('71663884284', 5921, 3, 0),
    ('79854642746', 24691, 82, 0),
    ('74880316694', 22750, 3, 0),
    ('70700987110', 18338, 6, 0),
    ('75392514475', 42402, 11, 0),
    ('76305230800', 55591, 11, 0),
    ('79251587964', 28235, 11, 0),
    ('75406336880', 5441, 82, 0),
    ('75296502562', 39067, 11, 0),
    ('76114759832', 23227, 82, 0),
    ('71405937591', 27181, 82, 0),
    ('71786323003', 35553, 3, 0),
    ('78814465463', 52980, 6, 0),
    ('75444030202', 55579, 11, 0),
    ('72821854890', 14586, 82, 0),
    ('74261962028', 11044, 11, 0),
    ('74416084189', 29240, 82, 0),
    ('72888581364', -6319, 6, 0),
    ('78634478232', 40741, 6, 0),
    ('70965788068', 22230, 6, 0),
    ('72781913330', 26427, 3, 0),
    ('79472853630', 53590, 6, 0),
    ('71049572942', 27361, 82, 0),
    ('78571758333', 39791, 82, 0),
    ('71103290080', 26985, 82, 0),
    ('77971562718', 37078, 3, 0),
    ('77602131879', 37367, 11, 0),
    ('79888968986', 33937, 82, 0),
    ('78427801896', 33659, 11, 0),
    ('78579987232', 30083, 3, 0),
    ('76293861510', 40696, 6, 0),
    ('74202059576', 42915, 6, 0),
    ('70303692471', 49897, 3, 0),
    ('75555693309', 977, 82, 0),
    ('70649785276', 62263, 11, 0),
    ('77729787288', 47993, 82, 0),
    ('73068017276', 44971, 3, 0),
    ('70086022762', 33374, 82, 0),
    ('72308152737', 42020, 6, 0),
    ('75918989535', 49619, 6, 0),
    ('75070509376', 52253, 6, 0),
    ('75711654149', 21322, 3, 0),
    ('79518121848', 26439, 3, 0),
    ('75294635008', 37978, 11, 0),
    ('71210363394', 39990, 6, 0),
    ('77627441864', 52258, 82, 0),
    ('70424353789', 29742, 6, 0),
    ('79711085659', 37431, 11, 0),
    ('73656510610', 44917, 6, 0),
    ('73367560239', 32983, 11, 0),
    ('75351968199', 26055, 3, 0),
    ('72026558568', 7658, 6, 0),
    ('71467180249', 26520, 6, 0),
    ('79569311368', 15832, 11, 0),
    ('74025845853', 49791, 11, 0),
    ('74253505102', 24770, 6, 0),
    ('77017514627', 27803, 11, 0),
    ('75673352102', 13689, 11, 0),
    ('77689636451', 2188, 11, 0),
    ('72071924549', 17678, 82, 0),
    ('79883803026', 44164, 6, 0),
    ('78825735611', 19301, 6, 0),
    ('71529547028', 29091, 11, 0),
    ('74344953393', 17246, 6, 0),
    ('71769907804', 2328, 82, 0),
    ('75643934622', 15852, 11, 0),
    ('75129152501', 43563, 6, 0),
    ('73005068912', 25969, 82, 0),
    ('70093878957', 42071, 11, 0),
    ('75815703711', 4917, 82, 0),
    ('71997780257', 28453, 3, 0),
    ('79568778116', 24126, 3, 0),
    ('75349963266', 6009, 82, 0),
    ('72289006137', 23669, 3, 0),
    ('71131498757', 27503, 6, 0),
    ('72744324845', 43687, 3, 0),
    ('76378866705', 59726, 82, 0),
    ('70513531547', 43253, 82, 0),
    ('71907731595', 66728, 6, 0),
    ('73395808227', 8884, 11, 0),
    ('74775980706', 23755, 82, 0),
    ('74580134303', 36453, 82, 0),
    ('79239752707', 25191, 3, 0),
    ('75412151548', 13043, 6, 0),
    ('72160013888', 13367, 6, 0),
    ('70815245985', 16513, 3, 0),
    ('77173851343', 46980, 11, 0),
    ('73182717099', 32644, 3, 0),
    ('79334813371', 9004, 3, 0),
    ('76502207476', 21831, 3, 0),
    ('75365478049', 17509, 3, 0),
    ('74198171602', 44464, 3, 0),
    ('72474769555', 31530, 3, 0),
    ('78024186112', 47770, 82, 0),
    ('75186728474', 30534, 6, 0),
    ('76314701890', 3324, 3, 0),
    ('75865369941', 50252, 3, 0),
    ('71200251482', 27729, 82, 0),
    ('73758350977', 36212, 11, 0),
    ('79185095195', 20065, 3, 0),
    ('73528744572', 65487, 11, 0),
    ('75497833014', 35632, 3, 0),
    ('77380535493', 14401, 6, 0),
    ('70836041330', 24850, 6, 0),
    ('76058779562', 29564, 82, 0),
    ('79872412447', 36222, 3, 0),
    ('73179652661', 14688, 82, 0),
    ('78990759735', 29216, 82, 0),
    ('73543797858', 15745, 6, 0),
    ('78164715307', 26088, 6, 0),
    ('72142892962', 26487, 6, 0),
    ('72236098533', 26002, 6, 0),
    ('71328033045', 22339, 6, 0),
    ('73683046986', 3410, 82, 0),
    ('77089328804', 65929, 3, 0),
    ('73378669712', 20251, 3, 0),
    ('79707857923', 10527, 6, 0),
    ('76199375764', 45656, 3, 0),
    ('70447192847', 20662, 6, 0),
    ('73366891906', 19847, 82, 0),
    ('76659046544', 26867, 11, 0),
    ('77309980338', 32668, 82, 0),
    ('75154196721', 37099, 11, 0),
    ('77198249843', 33964, 3, 0),
    ('75534085453', 42136, 11, 0),
    ('77601212176', 46299, 6, 0),
    ('74003289106', 29062, 6, 0),
    ('72933907033', 22774, 11, 0),
    ('74592609842', 9807, 82, 0),
    ('71589358307', 42913, 11, 0),
    ('71300939745', 34055, 6, 0),
    ('79003558239', 11660, 11, 0),
    ('75908197605', 28536, 11, 0),
    ('70839924143', 31137, 3, 0),
    ('71245933743', 38767, 6, 0),
    ('70604736199', 36265, 82, 0),
    ('76417654416', 125, 3, 0),
    ('75124680151', 47015, 11, 0),
    ('76379441187', 3928, 3, 0),
    ('70420856255', 22841, 82, 0),
    ('76927696379', 4742, 82, 0),
    ('75975363847', 19829, 6, 0),
    ('75202124403', 30229, 82, 0),
    ('78072620376', 33136, 6, 0),
    ('78054344685', 25314, 82, 0),
    ('78068683407', 12194, 82, 0),
    ('71611530277', 24308, 6, 0),
    ('77525436885', 42336, 11, 0),
    ('72718304312', 45493, 82, 0),
    ('75608809666', 28084, 11, 0),
    ('70926769236', 45588, 82, 0),
    ('79886913271', 50232, 3, 0),
    ('76920205236', 25299, 82, 0),
    ('71155727984', 15829, 6, 0),
    ('77496403773', 12806, 11, 0),
    ('78788595657', 21043, 6, 0),
    ('70315525046', 23864, 11, 0),
    ('73895496317', 16258, 3, 0),
    ('76297679583', 22307, 82, 0),
    ('74530072522', 37763, 6, 0),
    ('79937718597', 17737, 11, 0),
    ('73931347534', 16943, 3, 0),
    ('71837743276', 47258, 6, 0),
    ('71109196232', 39561, 11, 0),
    ('74541699504', 40010, 11, 0),
    ('78988160236', 51056, 6, 0),
    ('77555587073', 4382, 3, 0),
    ('77096669462', 21780, 6, 0),
    ('75947073623', 24955, 6, 0),
    ('78334843108', 43234, 82, 0),
    ('79897308816', 25498, 6, 0),
    ('76949087612', 65963, 6, 0),
    ('75928651599', 32459, 11, 0),
    ('75905760230', 52139, 6, 0),
    ('78111465307', 30190, 82, 0),
    ('78544366862', 54643, 6, 0),
    ('79497911941', 60185, 82, 0),
    ('77084175082', 51986, 11, 0),
    ('71005737756', 9486, 6, 0),
    ('73207312603', 23762, 3, 0),
    ('72945220210', 13921, 6, 0),
    ('70043351462', 47758, 3, 0),
    ('76630129567', 12727, 6, 0),
    ('74482491067', 22108, 3, 0),
    ('78566390393', 43798, 11, 0),
    ('72036693696', 26388, 82, 0),
    ('78609682449', 14847, 82, 0),
    ('73925193107', 33271, 82, 0),
    ('77892867802', 6030, 82, 0),
    ('78994685323', 39874, 11, 0),
    ('78076219085', 30202, 3, 0),
    ('79036718704', 42600, 82, 0),
    ('73696414382', 26039, 6, 0),
    ('74655010290', 36598, 3, 0),
    ('79377562771', 39853, 3, 0),
    ('78293097424', 40798, 3, 0),
    ('76619463221', 16745, 3, 0),
    ('70906270261', 21331, 82, 0),
    ('70688497689', 18060, 3, 0),
    ('72978669879', 73018, 82, 0),
    ('78453515934', 54122, 11, 0),
    ('76790136961', 26225, 3, 0),
    ('78999013477', 20787, 82, 0),
    ('78055080933', 37599, 82, 0),
    ('74478875345', 47850, 3, 0),
    ('76644517817', 54427, 11, 0),
    ('76620756451', 36944, 82, 0),
    ('76764059734', 36340, 11, 0),
    ('77947703509', 17561, 3, 0),
    ('73599003599', 50887, 3, 0),
    ('70679797511', 6567, 3, 0),
    ('74142779789', 36012, 6, 0),
    ('70057604591', 23746, 82, 0),
    ('72382291525', 25797, 6, 0),
    ('77214227233', 56769, 3, 0),
    ('76103720730', 21357, 6, 0),
    ('74349953617', 8004, 11, 0),
    ('78757497379', 34959, 6, 0),
    ('79469692724', 57794, 11, 0),
    ('77061759455', 31411, 6, 0),
    ('73225625926', 30419, 11, 0),
    ('79660960646', 13959, 6, 0),
    ('78729913179', 39552, 82, 0),
    ('72017592926', 32696, 3, 0),
    ('75393227903', 27981, 82, 0),
    ('77926243578', 24178, 82, 0),
    ('73770714874', 33761, 82, 0),
    ('77441982103', 23728, 3, 0),
    ('77768353753', 18111, 6, 0),
    ('70603376544', 28557, 6, 0),
    ('75103011472', 29730, 82, 0),
    ('74920524726', 39718, 6, 0),
    ('75024196045', -2048, 82, 0),
    ('75703908938', 17576, 11, 0),
    ('77625685891', 31770, 3, 0),
    ('73829826230', 43369, 11, 0),
    ('77576103492', 13096, 11, 0),
    ('79139329747', 55369, 6, 0),
    ('79815192623', 20360, 82, 0),
    ('79360017221', 33073, 11, 0),
    ('71614006873', 22079, 6, 0),
    ('70841735595', 39633, 11, 0),
    ('76156633053', 62406, 6, 0),
    ('71563660462', 41517, 11, 0),
    ('72531809930', 30237, 3, 0),
    ('79786473551', 39921, 6, 0),
    ('77044694352', 53812, 6, 0),
    ('79765799867', 22952, 11, 0),
    ('77485218123', 20634, 82, 0),
    ('71254338464', 53620, 3, 0),
    ('70567006867', 28758, 3, 0),
    ('72930907965', 23974, 6, 0),
    ('78233148216', 47485, 82, 0),
    ('72471252804', 42795, 82, 0),
    ('71774724541', 44253, 11, 0),
    ('77281362384', 21988, 11, 0),
    ('71997209366', 3081, 6, 0),
    ('75527373865', 22663, 11, 0),
    ('72051765490', 26052, 82, 0),
    ('72795708555', 33814, 6, 0),
    ('77940219278', 37420, 82, 0),
    ('70684351227', 23003, 3, 0),
    ('77965297642', 53187, 82, 0),
    ('79205314053', 22777, 3, 0),
    ('77179159583', 17905, 82, 0),
    ('76606146796', 43412, 6, 0),
    ('75797196810', 41097, 11, 0),
    ('75844510453', 42107, 6, 0),
    ('70217431651', 21449, 82, 0),
    ('74837871526', 34901, 6, 0),
    ('75558995317', 31763, 82, 0),
    ('72567005337', 14256, 3, 0),
    ('73678882119', 27038, 11, 0),
    ('72487668084', 61388, 82, 0),
    ('75416726288', 37992, 3, 0),
    ('79932486139', 54872, 3, 0),
    ('70561101582', 37393, 3, 0),
    ('72273682017', 3428, 82, 0),
    ('75776040595', 20045, 3, 0),
    ('73428480821', 26235, 11, 0),
    ('71793956598', 38941, 82, 0),
    ('76902394590', 566, 82, 0),
    ('72266941527', 45382, 11, 0),
    ('78628834468', 24559, 6, 0),
    ('78947663170', 17597, 82, 0),
    ('73441662046', 19789, 11, 0),
    ('70803102582', 20454, 82, 0),
    ('79798633528', 14993, 3, 0),
    ('74258216829', 26465, 3, 0),
    ('71058962017', 37133, 82, 0),
    ('73359975112', 8694, 82, 0),
    ('73773482497', 11288, 82, 0),
    ('79250384329', 34462, 6, 0),
    ('76117809888', 36653, 3, 0),
    ('75469252201', 30365, 6, 0),
    ('77685032206', 15914, 6, 0),
    ('79513591890', 23813, 82, 0),
    ('75880177545', 17106, 11, 0),
    ('71284927079', 52801, 82, 0),
    ('75866837479', 7121, 6, 0),
    ('73816021642', -3963, 3, 0),
    ('72420852596', 22504, 11, 0),
    ('70084943345', 26275, 82, 0),
    ('79786259576', 42440, 3, 0),
    ('72713601951', 24320, 3, 0),
    ('78708188753', 47158, 82, 0),
    ('75520467598', 30058, 3, 0),
    ('73970776561', 27598, 82, 0),
    ('74920880251', -24364, 6, 0),
    ('74340551739', 32916, 82, 0),
    ('75545065510', 37651, 11, 0),
    ('78768376067', 55095, 82, 0),
    ('73158428571', 32872, 82, 0),
    ('74095718224', 35367, 11, 0),
    ('73205009553', 35344, 6, 0),
    ('71590517072', 21955, 11, 0),
    ('79620149074', 12049, 11, 0),
    ('79872180294', 22117, 3, 0),
    ('74809806581', 51198, 11, 0),
    ('75982287341', 35241, 82, 0),
    ('78949077626', 7254, 11, 0),
    ('74117145446', 34399, 6, 0),
    ('73192998097', 37027, 82, 0),
    ('75146785906', 20165, 6, 0),
    ('74874307765', 34246, 6, 0),
    ('78492575632', 16185, 11, 0),
    ('71683086027', 44997, 3, 0),
    ('79302442051', 20421, 82, 0),
    ('78338103695', 38289, 11, 0),
    ('74297882569', 44118, 6, 0),
    ('70941002267', 3371, 11, 0),
    ('78114632690', 36090, 82, 0),
    ('78461355753', 20985, 3, 0),
    ('78822832048', 36766, 11, 0),
    ('78865527174', 10013, 6, 0),
    ('76000017984', 41420, 6, 0),
    ('76317212106', 18242, 6, 0),
    ('70747637133', 44116, 3, 0),
    ('79511634810', 33251, 3, 0),
    ('70011223292', 49629, 11, 0),
    ('73621717122', 28548, 3, 0),
    ('72091333350', 44151, 11, 0),
    ('74575394704', 45719, 6, 0),
    ('70669903479', 56658, 11, 0),
    ('76925810652', 58255, 3, 0),
    ('79521666724', 56954, 11, 0),
    ('72549118524', 14044, 6, 0),
    ('74489713027', 22267, 11, 0),
    ('70917458732', 43529, 11, 0),
    ('70673185848', 34560, 82, 0),
    ('71496243631', 7844, 11, 0),
    ('76780382166', 21113, 6, 0),
    ('76806644178', 18880, 3, 0),
    ('76991394739', 24718, 3, 0),
    ('79610079306', 36371, 11, 0),
    ('78957522414', 17184, 82, 0),
    ('74622957293', 54757, 6, 0),
    ('76566567966', 27003, 82, 0),
    ('76579457103', 50319, 3, 0),
    ('79834915121', 55691, 82, 0),
    ('79192420941', 38657, 82, 0),
    ('74862236606', 38784, 82, 0),
    ('73256887543', 4570, 82, 0),
    ('70620643879', 47578, 6, 0),
    ('70111286867', 38221, 3, 0),
    ('77766196803', 33195, 3, 0),
    ('75496581999', 28994, 82, 0),
    ('72161670488', 21883, 6, 0),
    ('76230571882', 32320, 11, 0),
    ('77993862485', 33699, 82, 0),
    ('71422747839', 25191, 11, 0),
    ('75578334030', 43151, 3, 0),
    ('74569310247', 33679, 6, 0),
    ('78020825215', 11791, 82, 0),
    ('73115371971', 49234, 6, 0),
    ('75140657469', 44012, 3, 0),
    ('71238475591', 47513, 3, 0),
    ('78589611187', 15398, 3, 0),
    ('73555660118', 29362, 11, 0),
    ('71022259303', 36371, 6, 0),
    ('77975620081', 41814, 11, 0),
    ('76431748396', 20265, 6, 0),
    ('77030832341', 22277, 3, 0),
    ('75970196735', 8327, 82, 0),
    ('78559585294', 22245, 3, 0),
    ('78246729099', 35367, 11, 0),
    ('74520506253', 31108, 6, 0),
    ('77691158236', 15081, 6, 0),
    ('73375055092', 26574, 3, 0);
